,Treehole.Number,Order,Family,Sub.family,Genus,species,status,size,abundance
1,1,Diptera,Ceratopogonidae,Ceratopogoninae,Culicoides?,Ceratopogonid.A,alive,unknown,2
2,1,Diptera,Ceratopogonidae,Ceratopogoninae,Culicoides?,Ceratopogonid.B,alive,unknown,0
3,1,Diptera,Ceratopogonidae,Ceratopogoninae,Culicoides?,Ceratopogonid.C,alive,unknown,0
4,1,Diptera,Ceratopogonidae,NA,NA,Pupa.A,alive,5,0
5,1,Diptera,Ceratopogonidae,NA,NA,Pupa.B,alive,5,0
6,1,Diptera,Ceratopogonidae,NA,NA,Pupa.C,alive,5,9
7,1,Diptera,Ceratopogonidae,NA,NA,Pupa.D,alive,5,0
8,1,Diptera,Psychodidae,NA,NA,Psychodid.A,dead,medium,3
9,1,Diptera,Psychodidae,NA,NA,Psychodid.B,dead,medium,0
10,1,Diptera,Psychodidae,NA,NA,Psychodid.C,dead,medium,0
11,1,Diptera,Psychodidae,NA,NA,Psychodid.D,dead,medium,0
12,1,Diptera,Psychodidae,NA,NA,Psychodid.A,alive,large,2
13,1,Diptera,Psychodidae,NA,NA,Psychodid.B,alive,large,0
14,1,Diptera,Psychodidae,NA,NA,Psychodid.C,alive,large,0
15,1,Diptera,Psychodidae,NA,NA,Psychodid.D,alive,large,0
16,1,Diptera,Psychodidae,NA,NA,Psychodid.A,alive,large,7
17,1,Diptera,Psychodidae,NA,NA,Psychodid.B,alive,large,0
18,1,Diptera,Psychodidae,NA,NA,Psychodid.C,alive,large,0
19,1,Diptera,Psychodidae,NA,NA,Psychodid.D,alive,large,0
20,1,Diptera,Psychodidae,NA,NA,Psychodid.A,alive,medium,27
21,1,Diptera,Psychodidae,NA,NA,Psychodid.B,alive,medium,0
22,1,Diptera,Psychodidae,NA,NA,Psychodid.C,alive,medium,0
23,1,Diptera,Psychodidae,NA,NA,Psychodid.D,alive,medium,2
24,1,Diptera,Psychodidae,NA,NA,Psychodid.A,alive,small,11
25,1,Diptera,Psychodidae,NA,NA,Psychodid.B,alive,small,0
26,1,Diptera,Psychodidae,NA,NA,Psychodid.C,alive,small,0
27,1,Diptera,Psychodidae,NA,NA,Psychodid.D,alive,small,1
28,1,Diptera,Syrphida,NA,Eristalis,Syrphid.A,alive,10,1
29,1,Diptera,Syrphida,NA,Eristalis,Syrphid.A,alive,10,1
30,1,Diptera,Syrphida,NA,Eristalis,Syrphid.A,alive,11,1
31,1,Diptera,Syrphida,NA,Eristalis,Syrphid.A,alive,10,1
32,1,Diptera,Syrphida,NA,Eristalis,Syrphid.A,alive,10,1
33,1,Diptera,Syrphida,NA,Eristalis,Syrphid.A,alive,11,1
34,1,Diptera,Syrphida,NA,Eristalis,Syrphid.A,alive,11,1
35,1,Diptera,Syrphida,NA,Eristalis,Syrphid.A,alive,12,1
36,1,Diptera,Syrphida,NA,Eristalis,Syrphid.A,alive,11,1
37,1,Diptera,Syrphida,NA,Eristalis,Syrphid.A,alive,12,1
38,1,Diptera,Syrphida,NA,Eristalis,Syrphid.A,alive,11,1
39,2,Diptera,Ceratopogonidae,Ceratopogoninae,Culicoides?,Ceratopogonid.A,alive,unknown,126
40,2,Diptera,Ceratopogonidae,Ceratopogoninae,Culicoides?,Ceratopogonid.B,alive,unknown,1
41,2,Diptera,Ceratopogonidae,Ceratopogoninae,Culicoides?,Ceratopogonid.C,alive,unknown,0
42,2,Diptera,Ceratopogonidae,NA,NA,Pupa.A,alive,3,3
43,2,Diptera,Ceratopogonidae,NA,NA,Pupa.B,alive,3,1
44,2,Diptera,Ceratopogonidae,NA,NA,Pupa.C,alive,3,0
45,2,Diptera,Ceratopogonidae,NA,NA,Pupa.D,alive,3,0
46,2,Diptera,Chironomidae,NA,NA,Chironomid.A,alive,unknown,1
47,2,Diptera,Chironomidae,NA,NA,Chironomid.B,alive,unknown,0
48,2,Diptera,Chironomidae,NA,NA,Chironomid.C,alive,unknown,0
49,2,Diptera,Chironomidae,NA,NA,Chironomid.D,alive,unknown,0
50,2,Diptera,Psychodidae,NA,NA,Psychodid.A,alive,medium,2
51,2,Diptera,Psychodidae,NA,NA,Psychodid.B,alive,medium,0
52,2,Diptera,Psychodidae,NA,NA,Psychodid.C,alive,medium,0
53,2,Diptera,Psychodidae,NA,NA,Psychodid.D,alive,medium,0
54,2,Diptera,Syrphida,NA,Eristalis,Syrphid.A,alive,5,1
55,2,Diptera,Syrphida,NA,Eristalis,Syrphid.A,alive,10,1
56,2,Diptera,Syrphida,NA,Eristalis,Syrphid.A,alive,8,1
57,2,Diptera,Syrphida,NA,Eristalis,Syrphid.A,alive,5.5,1
58,3,Diptera,Ceratopogonidae,Ceratopogoninae,Culicoides?,Ceratopogonid.A,alive,unknown,53
59,3,Diptera,Ceratopogonidae,Ceratopogoninae,Culicoides?,Ceratopogonid.B,alive,unknown,0
60,3,Diptera,Ceratopogonidae,Ceratopogoninae,Culicoides?,Ceratopogonid.C,alive,unknown,0
61,3,Diptera,Ceratopogonidae,NA,NA,Pupa.A,alive,3.5,3
62,3,Diptera,Ceratopogonidae,NA,NA,Pupa.B,alive,3.5,0
63,3,Diptera,Ceratopogonidae,NA,NA,Pupa.C,alive,3.5,0
64,3,Diptera,Ceratopogonidae,NA,NA,Pupa.D,alive,3.5,0
65,3,Diptera,Ceratopogonidae,NA,NA,Pupa.A,alive,4,8
66,3,Diptera,Ceratopogonidae,NA,NA,Pupa.B,alive,4,2
67,3,Diptera,Ceratopogonidae,NA,NA,Pupa.C,alive,4,0
68,3,Diptera,Ceratopogonidae,NA,NA,Pupa.D,alive,4,0
69,3,Diptera,Syrphida,NA,Eristalis,Syrphid.A,alive,4,1
70,3,Diptera,Syrphida,NA,Eristalis,Syrphid.A,alive,5,1
71,3,Diptera,Unknown,Unknown,Unknown,Diptera.A,unknown,unknown,5
72,4,Diptera,Ceratopogonidae,Ceratopogoninae,Culicoides?,Ceratopogonid.A,alive,unknown,60
73,4,Diptera,Ceratopogonidae,Ceratopogoninae,Culicoides?,Ceratopogonid.B,alive,unknown,0
74,4,Diptera,Ceratopogonidae,Ceratopogoninae,Culicoides?,Ceratopogonid.C,alive,unknown,0
75,4,Diptera,Syrphida,NA,Eristalis,Syrphid.A,alive,14,1
76,4,Diptera,Syrphida,NA,Eristalis,Syrphid.A,alive,13,1
77,4,Diptera,Syrphida,NA,Eristalis,Syrphid.A,alive,13,1
78,4,Diptera,Syrphida,NA,Eristalis,Syrphid.A,alive,13,1
79,4,Diptera,Syrphida,NA,Eristalis,Syrphid.A,alive,13,1
80,4,Diptera,Syrphida,NA,Eristalis,Syrphid.A,alive,13,1
81,4,Diptera,Syrphida,NA,Eristalis,Syrphid.A,alive,12,1
82,5,Diptera,Ceratopogonidae,Ceratopogoninae,Culicoides?,Ceratopogonid.A,alive,unknown,86
83,5,Diptera,Ceratopogonidae,Ceratopogoninae,Culicoides?,Ceratopogonid.B,alive,unknown,0
84,5,Diptera,Ceratopogonidae,Ceratopogoninae,Culicoides?,Ceratopogonid.C,alive,unknown,0
85,5,Diptera,Ceratopogonidae,Ceratopogoninae,Culicoides?,Ceratopogonid.A,alive,unknown,238
86,5,Diptera,Ceratopogonidae,Ceratopogoninae,Culicoides?,Ceratopogonid.B,alive,unknown,1
87,5,Diptera,Ceratopogonidae,Ceratopogoninae,Culicoides?,Ceratopogonid.C,alive,unknown,0
88,5,Diptera,Syrphida,NA,Eristalis,Syrphid.A,alive,7,1
89,5,Diptera,Syrphida,NA,Eristalis,Syrphid.A,alive,11,1
90,5,Diptera,Syrphida,NA,Eristalis,Syrphid.A,alive,7,1
91,5,Diptera,Syrphida,NA,Eristalis,Syrphid.A,alive,11,1
92,6,Diptera,Ceratopogonidae,Ceratopogoninae,Culicoides?,Ceratopogonid.A,alive,unknown,31
93,6,Diptera,Ceratopogonidae,Ceratopogoninae,Culicoides?,Ceratopogonid.B,alive,unknown,0
94,6,Diptera,Ceratopogonidae,Ceratopogoninae,Culicoides?,Ceratopogonid.C,alive,unknown,0
95,6,Diptera,Ceratopogonidae,NA,NA,Pupa.A,alive,3,1
96,6,Diptera,Ceratopogonidae,NA,NA,Pupa.B,alive,3,0
97,6,Diptera,Ceratopogonidae,NA,NA,Pupa.C,alive,3,0
98,6,Diptera,Ceratopogonidae,NA,NA,Pupa.D,alive,3,0
99,6,Diptera,Ceratopogonidae,NA,NA,Pupa.A,alive,3,2
100,6,Diptera,Ceratopogonidae,NA,NA,Pupa.B,alive,3,2
101,6,Diptera,Ceratopogonidae,NA,NA,Pupa.C,alive,3,0
102,6,Diptera,Ceratopogonidae,NA,NA,Pupa.D,alive,3,0
103,6,Diptera,Chironomidae,NA,NA,Chironomid.A,alive,unknown,1
104,6,Diptera,Chironomidae,NA,NA,Chironomid.B,alive,unknown,0
105,6,Diptera,Chironomidae,NA,NA,Chironomid.C,alive,unknown,0
106,6,Diptera,Chironomidae,NA,NA,Chironomid.D,alive,unknown,0
107,6,Diptera,Psychodidae,NA,NA,Psychodid.A,alive,medium,4
108,6,Diptera,Psychodidae,NA,NA,Psychodid.B,alive,medium,0
109,6,Diptera,Psychodidae,NA,NA,Psychodid.C,alive,medium,0
110,6,Diptera,Psychodidae,NA,NA,Psychodid.D,alive,medium,0
111,6,Diptera,Psychodidae,NA,NA,Pupa.A,alive,2.5,1
112,6,Diptera,Psychodidae,NA,NA,Pupa.B,alive,2.5,0
113,6,Diptera,Psychodidae,NA,NA,Pupa.C,alive,2.5,0
114,6,Diptera,Psychodidae,NA,NA,Pupa.D,alive,2.5,0
115,6,Diptera,Syrphida,NA,Eristalis,Syrphid.A,alive,3,1
116,6,Diptera,Syrphida,NA,Eristalis,Syrphid.A,alive,20,1
117,6,Diptera,Syrphida,NA,Eristalis,Syrphid.A,alive,6,1
118,6,Diptera,Syrphida,NA,Eristalis,Syrphid.A,alive,7,1
119,6,Diptera,Syrphida,NA,Eristalis,Syrphid.A,alive,9,1
120,6,Diptera,Syrphida,NA,Eristalis,Syrphid.A,alive,5,1
121,6,Diptera,Syrphida,NA,Eristalis,Syrphid.A,alive,5,1
122,6,Diptera,Syrphida,NA,Eristalis,Syrphid.A,alive,4,1
123,6,Diptera,Syrphida,NA,Eristalis,Syrphid.A,alive,5,1
124,6,Diptera,Syrphida,NA,Eristalis,Syrphid.A,alive,4,1
125,6,Diptera,Syrphida,NA,Eristalis,Syrphid.A,alive,3,1
126,6,Diptera,Syrphida,NA,Eristalis,Syrphid.A,alive,4,1
127,6,Diptera,Syrphida,NA,Eristalis,Syrphid.A,alive,3,1
128,6,Diptera,Syrphida,NA,Eristalis,Syrphid.A,alive,5,1
129,6,Diptera,Syrphida,NA,Eristalis,Syrphid.A,alive,3,1
130,6,Diptera,Syrphida,NA,Eristalis,Syrphid.A,alive,3,1
131,6,Diptera,Syrphida,NA,Eristalis,Syrphid.A,alive,5,1
132,6,Diptera,Syrphida,NA,Eristalis,Syrphid.A,alive,2,1
133,6,Diptera,Syrphida,NA,Eristalis,Syrphid.A,alive,3,1
134,6,Diptera,Syrphida,NA,Eristalis,Syrphid.A,alive,4,1
135,6,Diptera,Syrphida,NA,Eristalis,Syrphid.A,alive,4,1
136,6,Diptera,Syrphida,NA,Eristalis,Syrphid.A,alive,5,1
137,6,Diptera,Syrphida,NA,Eristalis,Syrphid.A,alive,3,1
138,6,Diptera,Syrphida,NA,Eristalis,Syrphid.A,alive,4,1
139,6,Diptera,Syrphida,NA,Eristalis,Syrphid.A,alive,5,1
140,6,Diptera,Syrphida,NA,Eristalis,Syrphid.A,alive,5,1
141,6,Diptera,Syrphida,NA,Eristalis,Syrphid.A,alive,5,1
142,6,Diptera,Syrphida,NA,Eristalis,Syrphid.A,alive,5,1
143,6,Diptera,Syrphida,NA,NA,Syrphid.A,dead,10,1
144,7,Diptera,Ceratopogonidae,Ceratopogoninae,Culicoides?,Ceratopogonid.A,alive,unknown,6
145,7,Diptera,Ceratopogonidae,Ceratopogoninae,Culicoides?,Ceratopogonid.B,alive,unknown,0
146,7,Diptera,Ceratopogonidae,Ceratopogoninae,Culicoides?,Ceratopogonid.C,alive,unknown,0
147,8,Diptera,Ceratopogonidae,Ceratopogoninae,Culicoides?,Ceratopogonid.A,alive,unknown,121
148,8,Diptera,Ceratopogonidae,Ceratopogoninae,Culicoides?,Ceratopogonid.B,alive,unknown,0
149,8,Diptera,Ceratopogonidae,Ceratopogoninae,Culicoides?,Ceratopogonid.C,alive,unknown,0
150,8,Diptera,Ceratopogonidae,Ceratopogoninae,Culicoides?,Ceratopogonid.A,alive,unknown,0
151,8,Diptera,Ceratopogonidae,Ceratopogoninae,Culicoides?,Ceratopogonid.B,alive,unknown,1
152,8,Diptera,Ceratopogonidae,Ceratopogoninae,Culicoides?,Ceratopogonid.C,alive,unknown,0
153,8,Diptera,Ceratopogonidae,Ceratopogoninae,Culicoides?,Ceratopogonid.A,alive,unknown,180
154,8,Diptera,Ceratopogonidae,Ceratopogoninae,Culicoides?,Ceratopogonid.B,alive,unknown,0
155,8,Diptera,Ceratopogonidae,Ceratopogoninae,Culicoides?,Ceratopogonid.C,alive,unknown,0
156,8,Diptera,Ceratopogonidae,NA,NA,Pupa.A,alive,3.5,4
157,8,Diptera,Ceratopogonidae,NA,NA,Pupa.B,alive,3.5,0
158,8,Diptera,Ceratopogonidae,NA,NA,Pupa.C,alive,3.5,0
159,8,Diptera,Ceratopogonidae,NA,NA,Pupa.D,alive,3.5,0
160,8,Diptera,Ceratopogonidae,NA,NA,Pupa.A,alive,3,3
161,8,Diptera,Ceratopogonidae,NA,NA,Pupa.B,alive,3,0
162,8,Diptera,Ceratopogonidae,NA,NA,Pupa.C,alive,3,0
163,8,Diptera,Ceratopogonidae,NA,NA,Pupa.D,alive,3,0
164,8,Diptera,Ceratopogonidae,NA,NA,Pupa.A,alive,3,2
165,8,Diptera,Ceratopogonidae,NA,NA,Pupa.B,alive,3,4
166,8,Diptera,Ceratopogonidae,NA,NA,Pupa.C,alive,3,0
167,8,Diptera,Ceratopogonidae,NA,NA,Pupa.D,alive,3,0
168,8,Diptera,Syrphida,NA,Eristalis,Syrphid.A,alive,10,1
169,8,Diptera,Syrphida,NA,Eristalis,Syrphid.A,alive,9,1
170,8,Diptera,Syrphida,NA,Eristalis,Syrphid.A,alive,10,1
171,8,Diptera,Syrphida,NA,Eristalis,Syrphid.A,alive,11,1
172,8,Diptera,Syrphida,NA,Eristalis,Syrphid.A,alive,7,1
173,8,Diptera,Syrphida,NA,Eristalis,Syrphid.A,alive,10,1
174,8,Diptera,Syrphida,NA,Eristalis,Syrphid.A,alive,8,1
175,8,Diptera,Syrphida,NA,Eristalis,Syrphid.A,alive,9,1
176,8,Diptera,Syrphida,NA,Eristalis,Syrphid.A,alive,8,1
177,9,Diptera,Ceratopogonidae,Ceratopogoninae,Culicoides?,Ceratopogonid.A,alive,unknown,145
178,9,Diptera,Ceratopogonidae,Ceratopogoninae,Culicoides?,Ceratopogonid.B,alive,unknown,2
179,9,Diptera,Ceratopogonidae,Ceratopogoninae,Culicoides?,Ceratopogonid.C,alive,unknown,0
180,9,Diptera,Ceratopogonidae,NA,NA,Pupa.A,alive,2,5
181,9,Diptera,Ceratopogonidae,NA,NA,Pupa.B,alive,2,7
182,9,Diptera,Ceratopogonidae,NA,NA,Pupa.C,alive,2,0
183,9,Diptera,Ceratopogonidae,NA,NA,Pupa.D,alive,2,0
184,9,Diptera,Syrphida,NA,Eristalis,Syrphid.A,alive,9,1
185,9,Diptera,Syrphida,NA,Eristalis,Syrphid.A,alive,10,1
186,10,Diptera,Psychodidae,NA,NA,Psychodid.A,dead,medium,2
187,10,Diptera,Psychodidae,NA,NA,Psychodid.B,dead,medium,0
188,10,Diptera,Psychodidae,NA,NA,Psychodid.C,dead,medium,0
189,10,Diptera,Psychodidae,NA,NA,Psychodid.D,dead,medium,0
190,10,Diptera,Psychodidae,NA,NA,Psychodid.A,alive,large,23
191,10,Diptera,Psychodidae,NA,NA,Psychodid.B,alive,large,0
192,10,Diptera,Psychodidae,NA,NA,Psychodid.C,alive,large,0
193,10,Diptera,Psychodidae,NA,NA,Psychodid.D,alive,large,0
194,10,Diptera,Psychodidae,NA,NA,Psychodid.A,alive,medium,28
195,10,Diptera,Psychodidae,NA,NA,Psychodid.B,alive,medium,0
196,10,Diptera,Psychodidae,NA,NA,Psychodid.C,alive,medium,0
197,10,Diptera,Psychodidae,NA,NA,Psychodid.D,alive,medium,2
198,10,Diptera,Psychodidae,NA,NA,Psychodid.A,alive,small,4
199,10,Diptera,Psychodidae,NA,NA,Psychodid.B,alive,small,0
200,10,Diptera,Psychodidae,NA,NA,Psychodid.C,alive,small,0
201,10,Diptera,Psychodidae,NA,NA,Psychodid.D,alive,small,0
202,10,Diptera,Syrphida,NA,Eristalis,Syrphid.A,alive,13,1
203,10,Diptera,Syrphida,NA,Eristalis,Syrphid.A,alive,13,1
204,10,Diptera,Syrphida,NA,Eristalis,Syrphid.A,alive,15,1
205,10,Diptera,Syrphida,NA,Eristalis,Syrphid.A,alive,3,1
206,10,Diptera,Syrphida,NA,Eristalis,Syrphid.A,alive,9,1
207,10,Diptera,Syrphida,NA,Eristalis,Syrphid.A,alive,10,1
208,10,Diptera,Syrphida,NA,Eristalis,Syrphid.A,alive,9,1
209,10,Diptera,Syrphida,NA,Eristalis,Syrphid.A,alive,14,1
210,10,Diptera,Syrphida,NA,Eristalis,Syrphid.A,alive,3,1
211,10,Diptera,Syrphida,NA,Eristalis,Syrphid.A,alive,4,1
212,10,Diptera,Syrphida,NA,Eristalis,Syrphid.A,alive,6,1
213,10,Diptera,Syrphida,NA,Eristalis,Syrphid.A,alive,13,1
214,10,Diptera,Syrphida,NA,Eristalis,Syrphid.A,alive,12,1
215,10,Diptera,Syrphida,NA,Eristalis,Syrphid.A,alive,13,1
216,10,Diptera,Syrphida,NA,Eristalis,Syrphid.A,alive,11,1
217,10,Diptera,Syrphida,NA,Eristalis,Syrphid.A,alive,10,1
218,10,Diptera,Syrphida,NA,Eristalis,Syrphid.A,alive,11,1
219,10,Diptera,Syrphida,NA,Eristalis,Syrphid.A,alive,6,1
220,10,Diptera,Syrphida,NA,Eristalis,Syrphid.A,alive,5,1
221,10,Diptera,Syrphida,NA,Eristalis,Syrphid.A,dead,2,1
222,10,Diptera,Syrphida,NA,Eristalis,Syrphid.A,dead,2,1
223,10,Diptera,Syrphida,NA,Eristalis,Syrphid.A,dead,4,1
224,10,Diptera,Syrphida,NA,Eristalis,Syrphid.A,alive,12,1
225,10,Diptera,Syrphida,NA,Eristalis,Syrphid.A,alive,13,1
226,10,Diptera,Syrphida,NA,Eristalis,Syrphid.A,alive,12,1
227,10,Diptera,Syrphida,NA,Eristalis,Syrphid.A,alive,9,1
228,10,Diptera,Syrphida,NA,Eristalis,Syrphid.A,alive,9,1
229,10,Diptera,Syrphida,NA,Eristalis,Syrphid.A,alive,3,1
230,10,Diptera,Syrphida,NA,Eristalis,Syrphid.A,alive,14,1
231,10,Diptera,Syrphida,NA,Eristalis,Syrphid.A,alive,10,1
232,10,Diptera,Syrphida,NA,Eristalis,Syrphid.A,alive,13,1
233,10,Diptera,Syrphida,NA,Eristalis,Syrphid.A,alive,13,1
234,10,Diptera,Syrphida,NA,Eristalis,Syrphid.A,alive,14,1
235,10,Diptera,Syrphida,NA,Eristalis,Syrphid.A,alive,13,1
236,10,Diptera,Syrphida,NA,Eristalis,Syrphid.A,alive,6,1
237,10,Diptera,Syrphida,NA,Eristalis,Syrphid.A,alive,8,1
238,10,Diptera,Syrphida,NA,Eristalis,Syrphid.A,alive,10,1
239,10,Diptera,Syrphida,NA,Eristalis,Syrphid.A,alive,6,1
240,10,Diptera,Syrphida,NA,Eristalis,Syrphid.A,alive,5,1
241,10,Diptera,Syrphida,NA,Eristalis,Syrphid.A,alive,3,1
242,10,Diptera,Syrphida,NA,Eristalis,Syrphid.A,alive,5,1
243,10,Diptera,Syrphida,NA,Eristalis,Syrphid.A,alive,5,1
244,10,Diptera,Syrphida,NA,Eristalis,Syrphid.A,alive,4,1
245,10,Diptera,Syrphida,NA,Eristalis,Syrphid.A,alive,11,1
246,11,Diptera,Ceratopogonidae,Ceratopogoninae,Culicoides?,Ceratopogonid.A,alive,unknown,40
247,11,Diptera,Ceratopogonidae,Ceratopogoninae,Culicoides?,Ceratopogonid.B,alive,unknown,0
248,11,Diptera,Ceratopogonidae,Ceratopogoninae,Culicoides?,Ceratopogonid.C,alive,unknown,0
249,11,Diptera,Syrphida,NA,Eristalis,Syrphid.A,alive,9,1
250,11,Diptera,Syrphida,NA,Eristalis,Syrphid.A,alive,8,1
251,11,Diptera,Syrphida,NA,Eristalis,Syrphid.A,alive,10,1
252,11,Diptera,Syrphida,NA,Eristalis,Syrphid.A,alive,10,1
253,11,Diptera,Syrphida,NA,Eristalis,Syrphid.A,alive,10,1
254,11,Diptera,Syrphida,NA,Eristalis,Syrphid.A,alive,11,1
255,11,Diptera,Syrphida,NA,Eristalis,Syrphid.A,alive,11,1
256,11,Diptera,Syrphida,NA,Eristalis,Syrphid.A,alive,8,1
257,11,Diptera,Syrphida,NA,Eristalis,Syrphid.A,alive,13,1
258,11,Diptera,Syrphida,NA,Eristalis,Syrphid.A,alive,11,1
259,11,Diptera,Syrphida,NA,Eristalis,Syrphid.A,alive,10,1
260,11,Diptera,Syrphida,NA,Eristalis,Syrphid.A,alive,4,1
261,11,Diptera,Syrphida,NA,Eristalis,Syrphid.A,alive,4,1
262,11,Diptera,Syrphida,NA,Eristalis,Syrphid.A,alive,11,1
263,11,Diptera,Syrphida,NA,Eristalis,Syrphid.A,alive,11,1
264,13,Diptera,Ceratopogonidae,Ceratopogoninae,Culicoides?,Ceratopogonid.A,alive,unknown,30
265,13,Diptera,Ceratopogonidae,Ceratopogoninae,Culicoides?,Ceratopogonid.B,alive,unknown,0
266,13,Diptera,Ceratopogonidae,Ceratopogoninae,Culicoides?,Ceratopogonid.C,alive,unknown,0
267,13,Diptera,Ceratopogonidae,NA,NA,Pupa.A,alive,4,1
268,13,Diptera,Ceratopogonidae,NA,NA,Pupa.B,alive,4,0
269,13,Diptera,Ceratopogonidae,NA,NA,Pupa.C,alive,4,0
270,13,Diptera,Ceratopogonidae,NA,NA,Pupa.D,alive,4,0
271,13,Diptera,Ceratopogonidae,NA,NA,Pupa.A,dead,3.5,4
272,13,Diptera,Ceratopogonidae,NA,NA,Pupa.B,dead,3.5,1
273,13,Diptera,Ceratopogonidae,NA,NA,Pupa.C,dead,3.5,0
274,13,Diptera,Ceratopogonidae,NA,NA,Pupa.D,dead,3.5,0
275,13,Diptera,Ceratopogonidae,NA,NA,Pupa.A,alive,2,0
276,13,Diptera,Ceratopogonidae,NA,NA,Pupa.B,alive,2,1
277,13,Diptera,Ceratopogonidae,NA,NA,Pupa.C,alive,2,0
278,13,Diptera,Ceratopogonidae,NA,NA,Pupa.D,alive,2,0
279,13,Diptera,Ceratopogonidae,NA,NA,Pupa.A,alive,3,15
280,13,Diptera,Ceratopogonidae,NA,NA,Pupa.B,alive,3,0
281,13,Diptera,Ceratopogonidae,NA,NA,Pupa.C,alive,3,0
282,13,Diptera,Ceratopogonidae,NA,NA,Pupa.D,alive,3,0
283,13,Diptera,Chironomidae,NA,NA,Chironomid.A,alive,unknown,9
284,13,Diptera,Chironomidae,NA,NA,Chironomid.B,alive,unknown,1
285,13,Diptera,Chironomidae,NA,NA,Chironomid.C,alive,unknown,0
286,13,Diptera,Chironomidae,NA,NA,Chironomid.D,alive,unknown,0
287,13,Diptera,Psychodidae,NA,NA,Psychodid.A,alive,medium,0
288,13,Diptera,Psychodidae,NA,NA,Psychodid.B,alive,medium,0
289,13,Diptera,Psychodidae,NA,NA,Psychodid.C,alive,medium,1
290,13,Diptera,Psychodidae,NA,NA,Psychodid.D,alive,medium,0
291,13,Diptera,Psychodidae,NA,NA,Psychodid.A,dead,medium,14
292,13,Diptera,Psychodidae,NA,NA,Psychodid.B,dead,medium,0
293,13,Diptera,Psychodidae,NA,NA,Psychodid.C,dead,medium,0
294,13,Diptera,Psychodidae,NA,NA,Psychodid.D,dead,medium,0
295,13,Diptera,Psychodidae,NA,NA,Psychodid.A,dead,small,2
296,13,Diptera,Psychodidae,NA,NA,Psychodid.B,dead,small,0
297,13,Diptera,Psychodidae,NA,NA,Psychodid.C,dead,small,0
298,13,Diptera,Psychodidae,NA,NA,Psychodid.D,dead,small,0
299,13,Diptera,Psychodidae,NA,NA,Psychodid.A,alive,large,24
300,13,Diptera,Psychodidae,NA,NA,Psychodid.B,alive,large,0
301,13,Diptera,Psychodidae,NA,NA,Psychodid.C,alive,large,0
302,13,Diptera,Psychodidae,NA,NA,Psychodid.D,alive,large,4
303,13,Diptera,Psychodidae,NA,NA,Psychodid.A,alive,medium,32
304,13,Diptera,Psychodidae,NA,NA,Psychodid.B,alive,medium,0
305,13,Diptera,Psychodidae,NA,NA,Psychodid.C,alive,medium,0
306,13,Diptera,Psychodidae,NA,NA,Psychodid.D,alive,medium,10
307,13,Diptera,Psychodidae,NA,NA,Psychodid.A,alive,small,45
308,13,Diptera,Psychodidae,NA,NA,Psychodid.B,alive,small,0
309,13,Diptera,Psychodidae,NA,NA,Psychodid.C,alive,small,0
310,13,Diptera,Psychodidae,NA,NA,Psychodid.D,alive,small,0
311,13,Diptera,Syrphida,NA,Eristalis,Syrphid.A,alive,5,1
312,13,Diptera,Syrphida,NA,Eristalis,Syrphid.A,alive,2,1
313,13,Diptera,Syrphida,NA,Eristalis,Syrphid.A,alive,5,1
314,13,Diptera,Syrphida,NA,Eristalis,Syrphid.A,alive,4,1
315,13,Diptera,Syrphida,NA,Eristalis,Syrphid.A,alive,4,1
316,13,Diptera,Syrphida,NA,Eristalis,Syrphid.A,alive,4,1
317,13,Diptera,Syrphida,NA,Eristalis,Syrphid.A,alive,6,1
318,13,Diptera,Syrphida,NA,Eristalis,Syrphid.A,alive,5,1
319,13,Diptera,Syrphida,NA,Eristalis,Syrphid.A,alive,5,1
320,13,Diptera,Syrphida,NA,Eristalis,Syrphid.A,alive,6,1
321,13,Diptera,Syrphida,NA,Eristalis,Syrphid.A,alive,5,1
322,13,Diptera,Syrphida,NA,Eristalis,Syrphid.A,alive,9,1
323,13,Diptera,Syrphida,NA,Eristalis,Syrphid.A,alive,4,1
324,13,Diptera,Syrphida,NA,Eristalis,Syrphid.A,alive,5,1
325,13,Diptera,Syrphida,NA,Eristalis,Syrphid.A,alive,2,1
326,13,Diptera,Syrphida,NA,Eristalis,Syrphid.A,alive,4,1
327,13,Diptera,Syrphida,NA,Eristalis,Syrphid.A,alive,2,1
328,13,Diptera,Syrphida,NA,Eristalis,Syrphid.A,alive,6,1
329,13,Diptera,Syrphida,NA,Eristalis,Syrphid.A,alive,4,1
330,13,Diptera,Syrphida,NA,Eristalis,Syrphid.A,alive,5,1
331,13,Diptera,Syrphida,NA,Eristalis,Syrphid.A,alive,5,1
332,13,Diptera,Syrphida,NA,Eristalis,Syrphid.A,alive,5,1
333,13,Diptera,Syrphida,NA,Eristalis,Syrphid.A,alive,5,1
334,13,Diptera,Syrphida,NA,Eristalis,Syrphid.A,alive,5,1
335,13,Diptera,Syrphida,NA,Eristalis,Syrphid.A,alive,6,1
336,13,Diptera,Syrphida,NA,Eristalis,Syrphid.A,alive,4,1
337,13,Diptera,Syrphida,NA,NA,Syrphid.A,dead,10,1
338,13,Diptera,Syrphida,NA,NA,Syrphid.A,dead,9,1
339,15,Diptera,Cecidomyiidae,Cecidomyiidae,Cecidomyiid,Cecidomyiid.A,unknown,unknown,1
340,15,Diptera,Ceratopogonidae,Ceratopogoninae,Culicoides?,Ceratopogonid.A,alive,unknown,5
341,15,Diptera,Ceratopogonidae,Ceratopogoninae,Culicoides?,Ceratopogonid.B,alive,unknown,1
342,15,Diptera,Ceratopogonidae,Ceratopogoninae,Culicoides?,Ceratopogonid.C,alive,unknown,0
343,15,Diptera,Ceratopogonidae,Ceratopogoninae,Culicoides?,Ceratopogonid.A,alive,unknown,8
344,15,Diptera,Ceratopogonidae,Ceratopogoninae,Culicoides?,Ceratopogonid.B,alive,unknown,0
345,15,Diptera,Ceratopogonidae,Ceratopogoninae,Culicoides?,Ceratopogonid.C,alive,unknown,0
346,15,Diptera,Ceratopogonidae,Ceratopogoninae,Culicoides?,Ceratopogonid.A,alive,unknown,3
347,15,Diptera,Ceratopogonidae,Ceratopogoninae,Culicoides?,Ceratopogonid.B,alive,unknown,0
348,15,Diptera,Ceratopogonidae,Ceratopogoninae,Culicoides?,Ceratopogonid.C,alive,unknown,0
349,15,Diptera,Ceratopogonidae,NA,NA,Pupa.A,alive,3,1
350,15,Diptera,Ceratopogonidae,NA,NA,Pupa.B,alive,3,0
351,15,Diptera,Ceratopogonidae,NA,NA,Pupa.C,alive,3,0
352,15,Diptera,Ceratopogonidae,NA,NA,Pupa.D,alive,3,0
353,15,Diptera,Psychodidae,NA,NA,Psychodid.A,alive,large,1
354,15,Diptera,Psychodidae,NA,NA,Psychodid.B,alive,large,0
355,15,Diptera,Psychodidae,NA,NA,Psychodid.C,alive,large,0
356,15,Diptera,Psychodidae,NA,NA,Psychodid.D,alive,large,0
357,15,Diptera,Syrphida,NA,Eristalis,Syrphid.A,alive,7,1
358,15,Diptera,Syrphida,NA,Eristalis,Syrphid.A,alive,3,1
359,15,Diptera,Syrphida,NA,Eristalis,Syrphid.A,alive,10,1
360,15,Diptera,Syrphida,NA,Eristalis,Syrphid.A,alive,16,1
361,15,Diptera,Syrphida,NA,Eristalis,Syrphid.A,alive,13,1
362,15,Diptera,Syrphida,NA,Eristalis,Syrphid.A,alive,8,1
363,15,Diptera,Syrphida,NA,Eristalis,Syrphid.A,alive,10,1
364,15,Diptera,Syrphida,NA,Eristalis,Syrphid.A,alive,10,1
365,15,Diptera,Syrphida,NA,Eristalis,Syrphid.A,alive,10,1
366,15,Diptera,Syrphida,NA,Eristalis,Syrphid.A,alive,8,1
367,15,Diptera,Syrphida,NA,Eristalis,Syrphid.A,alive,10,1
368,15,Diptera,Syrphida,NA,Eristalis,Syrphid.A,alive,15,1
369,15,Diptera,Syrphida,NA,Eristalis,Syrphid.A,alive,8,1
370,15,Diptera,Syrphida,NA,Eristalis,Syrphid.A,alive,10,1
371,15,Diptera,Syrphida,NA,Eristalis,Syrphid.A,alive,12,1
372,15,Diptera,Syrphida,NA,Eristalis,Syrphid.A,alive,12,1
373,15,Diptera,Syrphida,NA,Eristalis,Syrphid.A,alive,10,1
374,15,Diptera,Syrphida,NA,Eristalis,Syrphid.A,alive,11,1
375,15,Diptera,Syrphida,NA,Eristalis,Syrphid.A,alive,6,1
376,15,Diptera,Syrphida,NA,Eristalis,Syrphid.A,alive,11,1
377,15,Diptera,Syrphida,NA,Eristalis,Syrphid.A,alive,11,1
378,15,Diptera,Syrphida,NA,Eristalis,Syrphid.A,alive,10,1
379,15,Diptera,Syrphida,NA,Eristalis,Syrphid.A,alive,11,1
380,15,Diptera,Syrphida,NA,Eristalis,Syrphid.A,alive,10,1
381,15,Diptera,Syrphida,NA,Eristalis,Syrphid.A,alive,6,1
382,15,Diptera,Syrphida,NA,Eristalis,Syrphid.A,alive,10,1
383,16,Diptera,Ceratopogonidae,Ceratopogoninae,Culicoides?,Ceratopogonid.A,alive,unknown,78
384,16,Diptera,Ceratopogonidae,Ceratopogoninae,Culicoides?,Ceratopogonid.B,alive,unknown,0
385,16,Diptera,Ceratopogonidae,Ceratopogoninae,Culicoides?,Ceratopogonid.C,alive,unknown,0
386,16,Diptera,Ceratopogonidae,Ceratopogoninae,Culicoides?,Ceratopogonid.A,alive,unknown,253
387,16,Diptera,Ceratopogonidae,Ceratopogoninae,Culicoides?,Ceratopogonid.B,alive,unknown,1
388,16,Diptera,Ceratopogonidae,Ceratopogoninae,Culicoides?,Ceratopogonid.C,alive,unknown,0
389,16,Diptera,Ceratopogonidae,NA,NA,Pupa.A,alive,3,0
390,16,Diptera,Ceratopogonidae,NA,NA,Pupa.B,alive,3,2
391,16,Diptera,Ceratopogonidae,NA,NA,Pupa.C,alive,3,0
392,16,Diptera,Ceratopogonidae,NA,NA,Pupa.D,alive,3,0
393,16,Diptera,Syrphida,NA,Eristalis,Syrphid.A,alive,10,1
394,16,Diptera,Syrphida,NA,Eristalis,Syrphid.A,alive,10,1
395,19,Diptera,Ceratopogonidae,Ceratopogoninae,Culicoides?,Ceratopogonid.A,alive,unknown,400
396,19,Diptera,Ceratopogonidae,Ceratopogoninae,Culicoides?,Ceratopogonid.B,alive,unknown,0
397,19,Diptera,Ceratopogonidae,Ceratopogoninae,Culicoides?,Ceratopogonid.C,alive,unknown,0
398,19,Diptera,Ceratopogonidae,NA,NA,Pupa.A,dead,3,3
399,19,Diptera,Ceratopogonidae,NA,NA,Pupa.B,dead,3,0
400,19,Diptera,Ceratopogonidae,NA,NA,Pupa.C,dead,3,0
401,19,Diptera,Ceratopogonidae,NA,NA,Pupa.D,dead,3,0
402,20,Diptera,Ceratopogonidae,Ceratopogoninae,Culicoides?,Ceratopogonid.A,alive,unknown,185
403,20,Diptera,Ceratopogonidae,Ceratopogoninae,Culicoides?,Ceratopogonid.B,alive,unknown,0
404,20,Diptera,Ceratopogonidae,Ceratopogoninae,Culicoides?,Ceratopogonid.C,alive,unknown,0
405,20,Diptera,Ceratopogonidae,Ceratopogoninae,Culicoides?,Ceratopogonid.A,dead,unknown,1
406,20,Diptera,Ceratopogonidae,Ceratopogoninae,Culicoides?,Ceratopogonid.B,dead,unknown,6
407,20,Diptera,Ceratopogonidae,Ceratopogoninae,Culicoides?,Ceratopogonid.C,dead,unknown,0
408,20,Diptera,Ceratopogonidae,Ceratopogoninae,Culicoides?,Ceratopogonid.A,dead,unknown,10
409,20,Diptera,Ceratopogonidae,Ceratopogoninae,Culicoides?,Ceratopogonid.B,dead,unknown,3
410,20,Diptera,Ceratopogonidae,Ceratopogoninae,Culicoides?,Ceratopogonid.C,dead,unknown,0
411,20,Diptera,Ceratopogonidae,NA,NA,Pupa.A,alive,4,13
412,20,Diptera,Ceratopogonidae,NA,NA,Pupa.B,alive,4,0
413,20,Diptera,Ceratopogonidae,NA,NA,Pupa.C,alive,4,0
414,20,Diptera,Ceratopogonidae,NA,NA,Pupa.D,alive,4,0
415,20,Diptera,Ceratopogonidae,NA,NA,Pupa.A,alive,3,0
416,20,Diptera,Ceratopogonidae,NA,NA,Pupa.B,alive,3,3
417,20,Diptera,Ceratopogonidae,NA,NA,Pupa.C,alive,3,0
418,20,Diptera,Ceratopogonidae,NA,NA,Pupa.D,alive,3,0
419,20,Diptera,Ceratopogonidae,NA,NA,Pupa.A,alive,4,13
420,20,Diptera,Ceratopogonidae,NA,NA,Pupa.B,alive,4,0
421,20,Diptera,Ceratopogonidae,NA,NA,Pupa.C,alive,4,0
422,20,Diptera,Ceratopogonidae,NA,NA,Pupa.D,alive,4,0
423,20,Diptera,Ceratopogonidae,NA,NA,Pupa.A,alive,4,19
424,20,Diptera,Ceratopogonidae,NA,NA,Pupa.B,alive,4,3
425,20,Diptera,Ceratopogonidae,NA,NA,Pupa.C,alive,4,0
426,20,Diptera,Ceratopogonidae,NA,NA,Pupa.D,alive,4,0
427,20,Diptera,Syrphida,NA,Eristalis,Syrphid.A,dead,5,1
428,20,Diptera,Syrphida,NA,Eristalis,Syrphid.A,dead,3,1
429,20,Diptera,Syrphida,NA,Eristalis,Syrphid.A,alive,16,1
430,20,Diptera,Syrphida,NA,Eristalis,Syrphid.A,alive,12,1
431,20,Diptera,Syrphida,NA,Eristalis,Syrphid.A,alive,15,1
432,20,Diptera,Syrphida,NA,Eristalis,Syrphid.A,alive,12,1
433,21,Diptera,Ceratopogonidae,Ceratopogoninae,Culicoides?,Ceratopogonid.A,alive,unknown,151
434,21,Diptera,Ceratopogonidae,Ceratopogoninae,Culicoides?,Ceratopogonid.B,alive,unknown,0
435,21,Diptera,Ceratopogonidae,Ceratopogoninae,Culicoides?,Ceratopogonid.C,alive,unknown,0
436,21,Diptera,Ceratopogonidae,Ceratopogoninae,Culicoides?,Ceratopogonid.A,alive,unknown,0
437,21,Diptera,Ceratopogonidae,Ceratopogoninae,Culicoides?,Ceratopogonid.B,alive,unknown,1
438,21,Diptera,Ceratopogonidae,Ceratopogoninae,Culicoides?,Ceratopogonid.C,alive,unknown,0
439,21,Diptera,Ceratopogonidae,NA,NA,Pupa.A,alive,3,4
440,21,Diptera,Ceratopogonidae,NA,NA,Pupa.B,alive,3,3
441,21,Diptera,Ceratopogonidae,NA,NA,Pupa.C,alive,3,0
442,21,Diptera,Ceratopogonidae,NA,NA,Pupa.D,alive,3,0
443,21,Diptera,Ceratopogonidae,NA,NA,Pupa.A,dead,3,16
444,21,Diptera,Ceratopogonidae,NA,NA,Pupa.B,dead,3,8
445,21,Diptera,Ceratopogonidae,NA,NA,Pupa.C,dead,3,0
446,21,Diptera,Ceratopogonidae,NA,NA,Pupa.D,dead,3,0
447,21,Diptera,Syrphida,NA,Eristalis,Syrphid.A,alive,10,1
448,21,Diptera,Syrphida,NA,Eristalis,Syrphid.A,alive,5,1
449,21,Diptera,Syrphida,NA,Eristalis,Syrphid.A,alive,7,1
450,21,Diptera,Syrphida,NA,Eristalis,Syrphid.A,alive,7,1
451,21,Diptera,Syrphida,NA,Eristalis,Syrphid.A,alive,6,1
452,21,Diptera,Syrphida,NA,Eristalis,Syrphid.A,alive,7,1
453,21,Diptera,Syrphida,NA,Eristalis,Syrphid.A,alive,5,1
454,21,Diptera,Syrphida,NA,Eristalis,Syrphid.A,alive,4,1
455,21,Diptera,Syrphida,NA,Eristalis,Syrphid.A,alive,4,1
456,21,Diptera,Syrphida,NA,Eristalis,Syrphid.A,alive,4,1
457,21,Diptera,Syrphida,NA,Eristalis,Syrphid.A,alive,4,1
458,21,Diptera,Syrphida,NA,Eristalis,Syrphid.A,alive,8,1
459,21,Diptera,Syrphida,NA,Eristalis,Syrphid.A,alive,8,1
460,21,Diptera,Syrphida,NA,Eristalis,Syrphid.A,alive,9,1
461,21,Diptera,Syrphida,NA,Eristalis,Syrphid.A,alive,3,1
462,21,Diptera,Syrphida,NA,Eristalis,Syrphid.A,alive,8,1
463,21,Diptera,Syrphida,NA,Eristalis,Syrphid.A,alive,4,1
464,21,Diptera,Syrphida,NA,Eristalis,Syrphid.A,alive,8,1
465,21,Diptera,Syrphida,NA,Eristalis,Syrphid.A,alive,4,1
466,21,Diptera,Syrphida,NA,Eristalis,Syrphid.A,alive,5,1
467,21,Diptera,Syrphida,NA,Eristalis,Syrphid.A,alive,4,1
468,21,Diptera,Syrphida,NA,Eristalis,Syrphid.A,alive,4,1
469,21,Diptera,Syrphida,NA,Eristalis,Syrphid.A,alive,8,1
470,21,Diptera,Syrphida,NA,Eristalis,Syrphid.A,alive,5,1
471,21,Diptera,Syrphida,NA,Eristalis,Syrphid.A,alive,8,1
472,21,Diptera,Syrphida,NA,Eristalis,Syrphid.A,alive,6,1
473,21,Diptera,Syrphida,NA,Eristalis,Syrphid.A,alive,4,1
474,21,Diptera,Syrphida,NA,Eristalis,Syrphid.A,alive,7,1
475,21,Diptera,Syrphida,NA,Eristalis,Syrphid.A,alive,4,1
476,21,Diptera,Syrphida,NA,Eristalis,Syrphid.A,alive,5,1
477,21,Diptera,Syrphida,NA,Eristalis,Syrphid.A,alive,6,1
478,21,Diptera,Syrphida,NA,Eristalis,Syrphid.A,alive,4,1
479,21,Diptera,Syrphida,NA,Eristalis,Syrphid.A,alive,4,1
480,21,Diptera,Syrphida,NA,Eristalis,Syrphid.A,alive,3,1
481,22,Diptera,Ceratopogonidae,Ceratopogoninae,Culicoides?,Ceratopogonid.A,alive,unknown,160
482,22,Diptera,Ceratopogonidae,Ceratopogoninae,Culicoides?,Ceratopogonid.B,alive,unknown,0
483,22,Diptera,Ceratopogonidae,Ceratopogoninae,Culicoides?,Ceratopogonid.C,alive,unknown,0
484,22,Diptera,Ceratopogonidae,NA,NA,Pupa.A,alive,2.5,0
485,22,Diptera,Ceratopogonidae,NA,NA,Pupa.B,alive,2.5,9
486,22,Diptera,Ceratopogonidae,NA,NA,Pupa.C,alive,2.5,0
487,22,Diptera,Ceratopogonidae,NA,NA,Pupa.D,alive,2.5,0
488,22,Diptera,Syrphida,NA,Eristalis,Syrphid.A,alive,14,1
489,22,Diptera,Syrphida,NA,Eristalis,Syrphid.A,alive,10,1
490,22,Diptera,Syrphida,NA,Eristalis,Syrphid.A,alive,10,1
491,22,Diptera,Syrphida,NA,Eristalis,Syrphid.A,alive,10,1
492,22,Diptera,Syrphida,NA,Eristalis,Syrphid.A,alive,13,1
493,22,Diptera,Syrphida,NA,Eristalis,Syrphid.A,alive,10,1
494,22,Diptera,Syrphida,NA,Eristalis,Syrphid.A,alive,9,1
495,22,Diptera,Syrphida,NA,Eristalis,Syrphid.A,alive,13,1
496,22,Diptera,Syrphida,NA,Eristalis,Syrphid.A,alive,10,1
497,22,Diptera,Syrphida,NA,Eristalis,Syrphid.A,alive,9,1
498,22,Diptera,Syrphida,NA,Eristalis,Syrphid.A,alive,10,1
499,22,Diptera,Syrphida,NA,Eristalis,Syrphid.A,alive,10,1
500,22,Diptera,Syrphida,NA,Eristalis,Syrphid.A,alive,10,1
501,22,Diptera,Syrphida,NA,Eristalis,Syrphid.A,alive,10,1
502,22,Diptera,Syrphida,NA,Eristalis,Syrphid.A,alive,15,1
503,22,Diptera,Syrphida,NA,Eristalis,Syrphid.A,alive,10,1
504,22,Diptera,Syrphida,NA,Eristalis,Syrphid.A,alive,10,1
505,22,Diptera,Syrphida,NA,Eristalis,Syrphid.A,alive,13,1
506,22,Diptera,Syrphida,NA,Eristalis,Syrphid.A,alive,10,1
507,22,Diptera,Syrphida,NA,Eristalis,Syrphid.A,alive,4,1
508,22,Diptera,Syrphida,NA,Eristalis,Syrphid.A,alive,12,1
509,22,Diptera,Syrphida,NA,Eristalis,Syrphid.A,alive,11,1
510,22,Diptera,Syrphida,NA,Eristalis,Syrphid.A,alive,7,1
511,22,Diptera,Syrphida,NA,Eristalis,Syrphid.A,alive,10,1
512,22,Diptera,Syrphida,NA,Eristalis,Syrphid.A,alive,9,1
513,22,Diptera,Syrphida,NA,Eristalis,Syrphid.A,alive,10,1
514,22,Diptera,Syrphida,NA,Eristalis,Syrphid.A,alive,7,1
515,22,Diptera,Syrphida,NA,Eristalis,Syrphid.A,alive,8,1
516,22,Diptera,Syrphida,NA,Eristalis,Syrphid.A,alive,11,1
517,22,Diptera,Syrphida,NA,Eristalis,Syrphid.A,alive,6,1
518,22,Diptera,Syrphida,NA,Eristalis,Syrphid.A,alive,11,1
519,22,Diptera,Syrphida,NA,Eristalis,Syrphid.A,alive,10,1
520,22,Diptera,Syrphida,NA,Eristalis,Syrphid.A,alive,10,1
521,22,Diptera,Syrphida,NA,Eristalis,Syrphid.A,alive,10,1
522,22,Diptera,Syrphida,NA,Eristalis,Syrphid.A,alive,5,1
523,22,Diptera,Syrphida,NA,Eristalis,Syrphid.A,alive,13,1
524,22,Diptera,Syrphida,NA,Eristalis,Syrphid.A,alive,12,1
525,22,Diptera,Syrphida,NA,Eristalis,Syrphid.A,alive,10,1
526,22,Diptera,Syrphida,NA,Eristalis,Syrphid.A,alive,12,1
527,22,Diptera,Syrphida,NA,Eristalis,Syrphid.A,alive,9,1
528,22,Diptera,Syrphida,NA,Eristalis,Syrphid.A,alive,4,1
529,22,Diptera,Syrphida,NA,Eristalis,Syrphid.A,alive,6,1
530,22,Diptera,Syrphida,NA,Eristalis,Syrphid.A,alive,3,1
531,22,Diptera,Syrphida,NA,Eristalis,Syrphid.A,alive,5,1
532,22,Diptera,Syrphida,NA,Eristalis,Syrphid.A,alive,4,1
533,22,Diptera,Syrphida,NA,Eristalis,Syrphid.A,alive,3,1
534,22,Diptera,Syrphida,NA,Eristalis,Syrphid.A,alive,6,1
535,22,Diptera,Syrphida,NA,Eristalis,Syrphid.A,alive,6,1
536,22,Diptera,Syrphida,NA,Eristalis,Syrphid.A,alive,7,1
537,22,Diptera,Syrphida,NA,Eristalis,Syrphid.A,alive,5,1
538,22,Diptera,Syrphida,NA,Eristalis,Syrphid.A,alive,4,1
539,22,Diptera,Syrphida,NA,Eristalis,Syrphid.A,alive,6,1
540,22,Diptera,Syrphida,NA,Eristalis,Syrphid.A,alive,3,1
541,22,Diptera,Syrphida,NA,Eristalis,Syrphid.A,alive,4,1
542,22,Diptera,Syrphida,NA,Eristalis,Syrphid.A,alive,4,1
543,22,Diptera,Syrphida,NA,Eristalis,Syrphid.A,alive,5,1
544,22,Diptera,Syrphida,NA,Eristalis,Syrphid.A,alive,13,1
545,22,Diptera,Syrphida,NA,Eristalis,Syrphid.A,alive,12,1
546,22,Diptera,Syrphida,NA,Eristalis,Syrphid.A,alive,9,1
547,22,Diptera,Syrphida,NA,Eristalis,Syrphid.A,alive,11,1
548,22,Diptera,Syrphida,NA,Eristalis,Syrphid.A,alive,15,1
549,22,Diptera,Syrphida,NA,Eristalis,Syrphid.A,alive,12,1
550,22,Diptera,Syrphida,NA,Eristalis,Syrphid.A,alive,11,1
551,22,Diptera,Syrphida,NA,Eristalis,Syrphid.A,alive,13,1
552,22,Diptera,Syrphida,NA,Eristalis,Syrphid.A,alive,5,1
553,22,Diptera,Syrphida,NA,Eristalis,Syrphid.A,alive,8,1
554,22,Diptera,Syrphida,NA,Eristalis,Syrphid.A,alive,6,1
555,22,Diptera,Syrphida,NA,Eristalis,Syrphid.A,alive,6,1
556,22,Diptera,Syrphida,NA,Eristalis,Syrphid.A,alive,7,1
557,22,Diptera,Syrphida,NA,Eristalis,Syrphid.A,alive,3,1
558,22,Diptera,Syrphida,NA,Eristalis,Syrphid.A,alive,5,1
559,22,Diptera,Syrphida,NA,Eristalis,Syrphid.A,alive,4,1
560,22,Diptera,Syrphida,NA,Eristalis,Syrphid.A,alive,3,1
561,22,Diptera,Syrphida,NA,Eristalis,Syrphid.A,alive,9,1
562,22,Diptera,Syrphida,NA,Eristalis,Syrphid.A,alive,14,1
563,22,Diptera,Syrphida,NA,Eristalis,Syrphid.A,alive,14,1
564,22,Diptera,Syrphida,NA,Eristalis,Syrphid.A,alive,9,1
565,22,Diptera,Syrphida,NA,Eristalis,Syrphid.A,alive,7,1
566,22,Diptera,Syrphida,NA,Eristalis,Syrphid.A,alive,6,1
567,22,Diptera,Syrphida,NA,Eristalis,Syrphid.A,alive,4,1
568,22,Diptera,Syrphida,NA,Eristalis,Syrphid.A,alive,5,1
569,23,Diptera,Ceratopogonidae,Ceratopogoninae,Culicoides?,Ceratopogonid.A,alive,unknown,43
570,23,Diptera,Ceratopogonidae,Ceratopogoninae,Culicoides?,Ceratopogonid.B,alive,unknown,0
571,23,Diptera,Ceratopogonidae,Ceratopogoninae,Culicoides?,Ceratopogonid.C,alive,unknown,0
572,23,Diptera,Psychodidae,NA,NA,Psychodid.A,alive,medium,1
573,23,Diptera,Psychodidae,NA,NA,Psychodid.B,alive,medium,0
574,23,Diptera,Psychodidae,NA,NA,Psychodid.C,alive,medium,0
575,23,Diptera,Psychodidae,NA,NA,Psychodid.D,alive,medium,0
576,25,Diptera,Ceratopogonidae,Ceratopogoninae,Culicoides?,Ceratopogonid.A,alive,unknown,72
577,25,Diptera,Ceratopogonidae,Ceratopogoninae,Culicoides?,Ceratopogonid.B,alive,unknown,0
578,25,Diptera,Ceratopogonidae,Ceratopogoninae,Culicoides?,Ceratopogonid.C,alive,unknown,0
579,25,Diptera,Syrphida,NA,Eristalis,Syrphid.A,alive,13,1
580,25,Diptera,Syrphida,NA,Eristalis,Syrphid.A,alive,11,1
581,25,Diptera,Syrphida,NA,Eristalis,Syrphid.A,alive,9,1
582,25,Diptera,Syrphida,NA,Eristalis,Syrphid.A,alive,12,1
583,25,Diptera,Syrphida,NA,Eristalis,Syrphid.A,alive,13,1
584,25,Diptera,Syrphida,NA,Eristalis,Syrphid.A,alive,9,1
585,25,Diptera,Syrphida,NA,Eristalis,Syrphid.A,alive,7,1
586,25,Diptera,Syrphida,NA,Eristalis,Syrphid.A,alive,10,1
587,25,Diptera,Syrphida,NA,Eristalis,Syrphid.A,alive,9,1
588,25,Diptera,Syrphida,NA,Eristalis,Syrphid.A,alive,10,1
589,25,Diptera,Syrphida,NA,Eristalis,Syrphid.A,alive,7,1
590,25,Diptera,Syrphida,NA,Eristalis,Syrphid.A,alive,11,1
591,25,Diptera,Syrphida,NA,Eristalis,Syrphid.A,alive,3,1
592,25,Diptera,Syrphida,NA,Eristalis,Syrphid.A,alive,11,1
593,25,Diptera,Syrphida,NA,Eristalis,Syrphid.A,alive,10,1
594,25,Diptera,Syrphida,NA,Eristalis,Syrphid.A,alive,11,1
595,25,Diptera,Syrphida,NA,Eristalis,Syrphid.A,alive,11,1
596,25,Diptera,Syrphida,NA,Eristalis,Syrphid.A,alive,10,1
597,25,Diptera,Syrphida,NA,Eristalis,Syrphid.A,alive,10,1
598,25,Diptera,Syrphida,NA,Eristalis,Syrphid.A,alive,10,1
599,25,Diptera,Syrphida,NA,Eristalis,Syrphid.A,alive,9,1
600,25,Diptera,Syrphida,NA,Eristalis,Syrphid.A,alive,12,1
601,25,Diptera,Syrphida,NA,Eristalis,Syrphid.A,alive,8,1
602,25,Diptera,Syrphida,NA,Eristalis,Syrphid.A,alive,10,1
603,25,Diptera,Syrphida,NA,Eristalis,Syrphid.A,alive,10,1
604,25,Diptera,Syrphida,NA,Eristalis,Syrphid.A,alive,10,1
605,25,Diptera,Syrphida,NA,Eristalis,Syrphid.A,alive,6,1
606,25,Diptera,Syrphida,NA,Eristalis,Syrphid.A,alive,8,1
607,25,Diptera,Syrphida,NA,Eristalis,Syrphid.A,alive,8,1
608,25,Diptera,Syrphida,NA,Eristalis,Syrphid.A,alive,7,1
609,25,Diptera,Syrphida,NA,Eristalis,Syrphid.A,alive,8,1
610,25,Diptera,Syrphida,NA,Eristalis,Syrphid.A,alive,11,1
611,25,Diptera,Syrphida,NA,Eristalis,Syrphid.A,alive,9,1
612,25,Diptera,Syrphida,NA,Eristalis,Syrphid.A,alive,13,1
613,25,Diptera,Syrphida,NA,Eristalis,Syrphid.A,alive,12,1
614,25,Diptera,Syrphida,NA,Eristalis,Syrphid.A,alive,8,1
615,25,Diptera,Syrphida,NA,Eristalis,Syrphid.A,alive,9,1
616,25,Diptera,Syrphida,NA,Eristalis,Syrphid.A,alive,11,1
617,25,Diptera,Syrphida,NA,Eristalis,Syrphid.A,alive,10,1
618,25,Diptera,Syrphida,NA,Eristalis,Syrphid.A,alive,5,1
619,25,Diptera,Syrphida,NA,Eristalis,Syrphid.A,alive,9,1
620,25,Diptera,Unknown,Unknown,Unknown,Diptera.B,unknown,unknown,1
621,26,Diptera,Ceratopogonidae,Ceratopogoninae,Culicoides?,Ceratopogonid.A,alive,unknown,75
622,26,Diptera,Ceratopogonidae,Ceratopogoninae,Culicoides?,Ceratopogonid.B,alive,unknown,1
623,26,Diptera,Ceratopogonidae,Ceratopogoninae,Culicoides?,Ceratopogonid.C,alive,unknown,0
624,26,Diptera,Ceratopogonidae,NA,NA,Pupa.A,alive,0,0
625,26,Diptera,Ceratopogonidae,NA,NA,Pupa.B,alive,0,1
626,26,Diptera,Ceratopogonidae,NA,NA,Pupa.C,alive,0,0
627,26,Diptera,Ceratopogonidae,NA,NA,Pupa.D,alive,0,1
628,26,Diptera,Ceratopogonidae,NA,NA,Pupa.A,alive,3.5,21
629,26,Diptera,Ceratopogonidae,NA,NA,Pupa.B,alive,3.5,0
630,26,Diptera,Ceratopogonidae,NA,NA,Pupa.C,alive,3.5,0
631,26,Diptera,Ceratopogonidae,NA,NA,Pupa.D,alive,3.5,0
632,26,Diptera,Ceratopogonidae,NA,NA,Pupa.A,alive,2,0
633,26,Diptera,Ceratopogonidae,NA,NA,Pupa.B,alive,2,1
634,26,Diptera,Ceratopogonidae,NA,NA,Pupa.C,alive,2,0
635,26,Diptera,Ceratopogonidae,NA,NA,Pupa.D,alive,2,0
636,26,Diptera,Ceratopogonidae,NA,NA,Pupa.A,alive,3.5,2
637,26,Diptera,Ceratopogonidae,NA,NA,Pupa.B,alive,3.5,0
638,26,Diptera,Ceratopogonidae,NA,NA,Pupa.C,alive,3.5,0
639,26,Diptera,Ceratopogonidae,NA,NA,Pupa.D,alive,3.5,0
640,26,Diptera,Chironomidae,NA,NA,Chironomid.A,alive,unknown,15
641,26,Diptera,Chironomidae,NA,NA,Chironomid.B,alive,unknown,0
642,26,Diptera,Chironomidae,NA,NA,Chironomid.C,alive,unknown,1
643,26,Diptera,Chironomidae,NA,NA,Chironomid.D,alive,unknown,1
644,26,Diptera,Psychodidae,NA,NA,Psychodid.A,alive,medium,0
645,26,Diptera,Psychodidae,NA,NA,Psychodid.B,alive,medium,1
646,26,Diptera,Psychodidae,NA,NA,Psychodid.C,alive,medium,0
647,26,Diptera,Psychodidae,NA,NA,Psychodid.D,alive,medium,0
648,27,Diptera,Syrphida,NA,Eristalis,Syrphid.A,dead,10,1
649,28,Diptera,Ceratopogonidae,Ceratopogoninae,Culicoides?,Ceratopogonid.A,alive,unknown,244
650,28,Diptera,Ceratopogonidae,Ceratopogoninae,Culicoides?,Ceratopogonid.B,alive,unknown,0
651,28,Diptera,Ceratopogonidae,Ceratopogoninae,Culicoides?,Ceratopogonid.C,alive,unknown,0
652,29,Diptera,Ceratopogonidae,Ceratopogoninae,Culicoides?,Ceratopogonid.A,alive,unknown,156
653,29,Diptera,Ceratopogonidae,Ceratopogoninae,Culicoides?,Ceratopogonid.B,alive,unknown,3
654,29,Diptera,Ceratopogonidae,Ceratopogoninae,Culicoides?,Ceratopogonid.C,alive,unknown,0
655,29,Diptera,Ceratopogonidae,NA,NA,Pupa.A,alive,2,0
656,29,Diptera,Ceratopogonidae,NA,NA,Pupa.B,alive,2,1
657,29,Diptera,Ceratopogonidae,NA,NA,Pupa.C,alive,2,0
658,29,Diptera,Ceratopogonidae,NA,NA,Pupa.D,alive,2,0
659,29,Diptera,Psychodidae,NA,NA,Psychodid.A,alive,small,2
660,29,Diptera,Psychodidae,NA,NA,Psychodid.B,alive,small,0
661,29,Diptera,Psychodidae,NA,NA,Psychodid.C,alive,small,0
662,29,Diptera,Psychodidae,NA,NA,Psychodid.D,alive,small,0
663,29,Diptera,Psychodidae,NA,NA,Psychodid.A,alive,medium,2
664,29,Diptera,Psychodidae,NA,NA,Psychodid.B,alive,medium,0
665,29,Diptera,Psychodidae,NA,NA,Psychodid.C,alive,medium,0
666,29,Diptera,Psychodidae,NA,NA,Psychodid.D,alive,medium,0
667,29,Diptera,Syrphida,NA,Eristalis,Syrphid.A,alive,8,1
668,29,Diptera,Syrphida,NA,Eristalis,Syrphid.A,alive,12,1
669,29,Diptera,Syrphida,NA,Eristalis,Syrphid.A,alive,8,1
670,29,Diptera,Syrphida,NA,Eristalis,Syrphid.A,alive,9,1
671,29,Diptera,Syrphida,NA,Eristalis,Syrphid.A,alive,10,1
672,29,Diptera,Syrphida,NA,Eristalis,Syrphid.A,alive,9,1
673,29,Diptera,Syrphida,NA,Eristalis,Syrphid.A,alive,7,1
674,29,Diptera,Syrphida,NA,Eristalis,Syrphid.A,alive,9,1
675,29,Diptera,Syrphida,NA,Eristalis,Syrphid.A,alive,5,1
676,29,Diptera,Syrphida,NA,Eristalis,Syrphid.A,alive,10,1
677,29,Diptera,Syrphida,NA,Eristalis,Syrphid.A,alive,8,1
678,29,Diptera,Syrphida,NA,Eristalis,Syrphid.A,alive,7,1
679,29,Diptera,Syrphida,NA,Eristalis,Syrphid.A,alive,10,1
680,29,Diptera,Syrphida,NA,Eristalis,Syrphid.A,alive,10,1
681,29,Diptera,Syrphida,NA,Eristalis,Syrphid.A,alive,12,1
682,29,Diptera,Syrphida,NA,Eristalis,Syrphid.A,alive,5,1
683,29,Diptera,Syrphida,NA,Eristalis,Syrphid.A,alive,10,1
684,29,Diptera,Syrphida,NA,Eristalis,Syrphid.A,alive,4,1
685,29,Diptera,Syrphida,NA,Eristalis,Syrphid.A,alive,5,1
686,29,Diptera,Syrphida,NA,Eristalis,Syrphid.A,alive,4,1
687,29,Diptera,Syrphida,NA,Eristalis,Syrphid.A,alive,3,1
688,29,Diptera,Syrphida,NA,Eristalis,Syrphid.A,alive,10,1
689,29,Diptera,Syrphida,NA,Eristalis,Syrphid.A,alive,7,1
690,29,Diptera,Syrphida,NA,Eristalis,Syrphid.A,alive,9,1
691,29,Diptera,Syrphida,NA,Eristalis,Syrphid.A,alive,8,1
692,29,Diptera,Syrphida,NA,Eristalis,Syrphid.A,alive,9,1
693,29,Diptera,Syrphida,NA,Eristalis,Syrphid.A,alive,10,1
694,29,Diptera,Syrphida,NA,Eristalis,Syrphid.A,alive,9,1
695,29,Diptera,Syrphida,NA,Eristalis,Syrphid.A,alive,9,1
696,29,Diptera,Syrphida,NA,Eristalis,Syrphid.A,alive,4,1
697,30,Diptera,Ceratopogonidae,Ceratopogoninae,Culicoides?,Ceratopogonid.A,alive,unknown,8
698,30,Diptera,Ceratopogonidae,Ceratopogoninae,Culicoides?,Ceratopogonid.B,alive,unknown,0
699,30,Diptera,Ceratopogonidae,Ceratopogoninae,Culicoides?,Ceratopogonid.C,alive,unknown,0
700,30,Diptera,Ceratopogonidae,NA,NA,Pupa.A,alive,3.5,4
701,30,Diptera,Ceratopogonidae,NA,NA,Pupa.B,alive,3.5,0
702,30,Diptera,Ceratopogonidae,NA,NA,Pupa.C,alive,3.5,0
703,30,Diptera,Ceratopogonidae,NA,NA,Pupa.D,alive,3.5,0
704,30,Diptera,Syrphida,NA,Eristalis,Syrphid.A,alive,10,1
705,30,Diptera,Syrphida,NA,Eristalis,Syrphid.A,alive,9,1
706,30,Diptera,Syrphida,NA,Eristalis,Syrphid.A,alive,7,1
707,30,Diptera,Syrphida,NA,Eristalis,Syrphid.A,alive,7,1
708,30,Diptera,Syrphida,NA,Eristalis,Syrphid.A,alive,8,1
709,30,Diptera,Syrphida,NA,Eristalis,Syrphid.A,alive,12,1
710,30,Diptera,Syrphida,NA,Eristalis,Syrphid.A,alive,9,1
711,30,Diptera,Syrphida,NA,Eristalis,Syrphid.A,alive,9,1
712,30,Diptera,Syrphida,NA,Eristalis,Syrphid.A,alive,11,1
713,30,Diptera,Syrphida,NA,Eristalis,Syrphid.A,alive,9,1
714,30,Diptera,Syrphida,NA,Eristalis,Syrphid.A,alive,10,1
715,31,Diptera,Ceratopogonidae,Ceratopogoninae,Culicoides?,Ceratopogonid.A,alive,unknown,6
716,31,Diptera,Ceratopogonidae,Ceratopogoninae,Culicoides?,Ceratopogonid.B,alive,unknown,0
717,31,Diptera,Ceratopogonidae,Ceratopogoninae,Culicoides?,Ceratopogonid.C,alive,unknown,0
718,31,Diptera,Ceratopogonidae,Ceratopogoninae,Culicoides?,Ceratopogonid.A,alive,unknown,0
719,31,Diptera,Ceratopogonidae,Ceratopogoninae,Culicoides?,Ceratopogonid.B,alive,unknown,0
720,31,Diptera,Ceratopogonidae,Ceratopogoninae,Culicoides?,Ceratopogonid.C,alive,unknown,1
721,31,Diptera,Psychodidae,NA,NA,Psychodid.A,alive,small,1
722,31,Diptera,Psychodidae,NA,NA,Psychodid.B,alive,small,0
723,31,Diptera,Psychodidae,NA,NA,Psychodid.C,alive,small,0
724,31,Diptera,Psychodidae,NA,NA,Psychodid.D,alive,small,0
725,31,Diptera,Syrphida,NA,Eristalis,Syrphid.A,alive,10,1
726,31,Diptera,Syrphida,NA,Eristalis,Syrphid.A,alive,8,1
727,31,Diptera,Syrphida,NA,Eristalis,Syrphid.A,alive,11,1
728,31,Diptera,Syrphida,NA,Eristalis,Syrphid.A,alive,10,1
729,31,Diptera,Syrphida,NA,Eristalis,Syrphid.A,alive,4,1
730,31,Diptera,Syrphida,NA,Eristalis,Syrphid.A,alive,10,1
731,31,Diptera,Syrphida,NA,Eristalis,Syrphid.A,alive,3,1
732,31,Diptera,Syrphida,NA,Eristalis,Syrphid.A,alive,5,1
733,31,Diptera,Syrphida,NA,Eristalis,Syrphid.A,alive,11,1
734,31,Diptera,Syrphida,NA,Eristalis,Syrphid.A,alive,4,1
735,31,Diptera,Syrphida,NA,Eristalis,Syrphid.A,alive,10,1
736,31,Diptera,Syrphida,NA,Eristalis,Syrphid.A,alive,10,1
737,31,Diptera,Syrphida,NA,Eristalis,Syrphid.A,alive,5,1
738,31,Diptera,Syrphida,NA,Eristalis,Syrphid.A,alive,5,1
739,31,Diptera,Syrphida,NA,Eristalis,Syrphid.A,alive,5,1
740,31,Diptera,Syrphida,NA,Eristalis,Syrphid.A,alive,9,1
741,31,Diptera,Syrphida,NA,Eristalis,Syrphid.A,alive,8,1
742,31,Diptera,Syrphida,NA,Eristalis,Syrphid.A,alive,11,1
743,31,Diptera,Syrphida,NA,Eristalis,Syrphid.A,alive,4,1
744,31,Diptera,Syrphida,NA,Eristalis,Syrphid.A,alive,10,1
745,31,Diptera,Syrphida,NA,Eristalis,Syrphid.A,alive,10,1
746,31,Diptera,Syrphida,NA,Eristalis,Syrphid.A,alive,10,1
747,31,Diptera,Syrphida,NA,Eristalis,Syrphid.A,alive,5,1
748,31,Diptera,Syrphida,NA,Eristalis,Syrphid.A,alive,11,1
749,31,Diptera,Syrphida,NA,Eristalis,Syrphid.A,alive,11,1
750,31,Diptera,Syrphida,NA,Eristalis,Syrphid.A,alive,10,1
751,31,Diptera,Syrphida,NA,Eristalis,Syrphid.A,alive,7,1
752,31,Diptera,Syrphida,NA,Eristalis,Syrphid.A,alive,5,1
753,31,Diptera,Syrphida,NA,Eristalis,Syrphid.A,alive,3,1
754,31,Diptera,Syrphida,NA,Eristalis,Syrphid.A,alive,10,1
755,31,Diptera,Syrphida,NA,Eristalis,Syrphid.A,alive,8,1
756,31,Diptera,Syrphida,NA,Eristalis,Syrphid.A,alive,3,1
757,31,Diptera,Syrphida,NA,Eristalis,Syrphid.A,alive,4,1
758,31,Diptera,Syrphida,NA,Eristalis,Syrphid.A,alive,4,1
759,31,Diptera,Syrphida,NA,Eristalis,Syrphid.A,alive,3,1
760,31,Diptera,Syrphida,NA,Eristalis,Syrphid.A,alive,4,1
761,31,Diptera,Syrphida,NA,Eristalis,Syrphid.A,alive,4,1
762,31,Diptera,Syrphida,NA,Eristalis,Syrphid.A,alive,5,1
763,31,Diptera,Syrphida,NA,Eristalis,Syrphid.A,alive,5,1
764,31,Diptera,Syrphida,NA,Eristalis,Syrphid.A,alive,4,1
765,31,Diptera,Syrphida,NA,Eristalis,Syrphid.A,alive,3,1
766,31,Diptera,Syrphida,NA,Eristalis,Syrphid.A,alive,5,1
767,32,Diptera,Ceratopogonidae,Ceratopogoninae,Culicoides?,Ceratopogonid.A,alive,unknown,8
768,32,Diptera,Ceratopogonidae,Ceratopogoninae,Culicoides?,Ceratopogonid.B,alive,unknown,0
769,32,Diptera,Ceratopogonidae,Ceratopogoninae,Culicoides?,Ceratopogonid.C,alive,unknown,0
770,32,Diptera,Ceratopogonidae,NA,NA,Pupa.A,alive,2,0
771,32,Diptera,Ceratopogonidae,NA,NA,Pupa.B,alive,2,3
772,32,Diptera,Ceratopogonidae,NA,NA,Pupa.C,alive,2,0
773,32,Diptera,Ceratopogonidae,NA,NA,Pupa.D,alive,2,0
774,32,Diptera,Dolichopodidae,Dolichopodidae,Dolichopodid,Dolichopodid.A,unknown,unknown,5
775,32,Diptera,Psychodidae,NA,NA,Psychodid.A,alive,small,7
776,32,Diptera,Psychodidae,NA,NA,Psychodid.B,alive,small,0
777,32,Diptera,Psychodidae,NA,NA,Psychodid.C,alive,small,0
778,32,Diptera,Psychodidae,NA,NA,Psychodid.D,alive,small,0
779,32,Diptera,Psychodidae,NA,NA,Pupa.A,alive,2,0
780,32,Diptera,Psychodidae,NA,NA,Pupa.B,alive,2,1
781,32,Diptera,Psychodidae,NA,NA,Pupa.C,alive,2,0
782,32,Diptera,Psychodidae,NA,NA,Pupa.D,alive,2,0
783,32,Diptera,Syrphida,NA,Eristalis,Syrphid.A,alive,10,1
784,32,Diptera,Syrphida,NA,Eristalis,Syrphid.A,alive,6,1
785,32,Diptera,Syrphida,NA,Eristalis,Syrphid.A,alive,4,1
786,32,Diptera,Syrphida,NA,Eristalis,Syrphid.A,alive,4,1
787,32,Diptera,Syrphida,NA,Eristalis,Syrphid.A,alive,5,1
788,32,Diptera,Syrphida,NA,Eristalis,Syrphid.A,alive,5,1
789,32,Diptera,Syrphida,NA,Eristalis,Syrphid.A,alive,3,1
790,32,Diptera,Syrphida,NA,Eristalis,Syrphid.A,alive,7,1
791,32,Diptera,Syrphida,NA,Eristalis,Syrphid.A,alive,5,1
792,32,Diptera,Syrphida,NA,Eristalis,Syrphid.A,alive,6,1
793,32,Diptera,Syrphida,NA,Eristalis,Syrphid.A,alive,5,1
794,32,Diptera,Syrphida,NA,Eristalis,Syrphid.A,alive,4,1
795,32,Diptera,Syrphida,NA,Eristalis,Syrphid.A,alive,3,1
796,32,Diptera,Syrphida,NA,Eristalis,Syrphid.A,alive,3,1
797,32,Diptera,Syrphida,NA,Eristalis,Syrphid.A,alive,2,1
798,32,Diptera,Syrphida,NA,Eristalis,Syrphid.A,alive,6,1
799,32,Diptera,Syrphida,NA,Eristalis,Syrphid.A,alive,4,1
800,32,Diptera,Syrphida,NA,Eristalis,Syrphid.A,alive,5,1
801,32,Diptera,Syrphida,NA,Eristalis,Syrphid.A,alive,2,1
802,32,Diptera,Syrphida,NA,Eristalis,Syrphid.A,alive,5,1
803,32,Diptera,Syrphida,NA,Eristalis,Syrphid.A,alive,4,1
804,32,Diptera,Syrphida,NA,Eristalis,Syrphid.A,alive,3,1
805,32,Diptera,Syrphida,NA,Eristalis,Syrphid.A,alive,4,1
806,32,Diptera,Syrphida,NA,Eristalis,Syrphid.A,alive,3,1
807,32,Diptera,Syrphida,NA,Eristalis,Syrphid.A,alive,3,1
808,32,Diptera,Syrphida,NA,Eristalis,Syrphid.A,dead,10,1
809,33,Diptera,Ceratopogonidae,Ceratopogoninae,Culicoides?,Ceratopogonid.A,alive,unknown,39
810,33,Diptera,Ceratopogonidae,Ceratopogoninae,Culicoides?,Ceratopogonid.B,alive,unknown,0
811,33,Diptera,Ceratopogonidae,Ceratopogoninae,Culicoides?,Ceratopogonid.C,alive,unknown,0
812,33,Diptera,Syrphida,NA,Eristalis,Syrphid.A,dead,7,1
813,33,Diptera,Syrphida,NA,Eristalis,Syrphid.A,dead,6,1
814,33,Diptera,Syrphida,NA,Eristalis,Syrphid.A,alive,8,1
815,33,Diptera,Syrphida,NA,Eristalis,Syrphid.A,alive,6,1
816,33,Diptera,Syrphida,NA,Eristalis,Syrphid.A,alive,7,1
817,33,Diptera,Syrphida,NA,Eristalis,Syrphid.A,alive,10,1
818,33,Diptera,Syrphida,NA,Eristalis,Syrphid.A,alive,6,1
819,33,Diptera,Syrphida,NA,Eristalis,Syrphid.A,alive,12,1
820,33,Diptera,Syrphida,NA,Eristalis,Syrphid.A,alive,11,1
821,33,Diptera,Syrphida,NA,Eristalis,Syrphid.A,alive,9,1
822,33,Diptera,Syrphida,NA,Eristalis,Syrphid.A,alive,10,1
823,33,Diptera,Syrphida,NA,Eristalis,Syrphid.A,alive,9,1
824,33,Diptera,Syrphida,NA,Eristalis,Syrphid.A,alive,10,1
825,33,Diptera,Syrphida,NA,Eristalis,Syrphid.A,alive,9,1
826,33,Diptera,Syrphida,NA,Eristalis,Syrphid.A,alive,10,1
827,33,Diptera,Syrphida,NA,Eristalis,Syrphid.A,alive,11,1
828,33,Diptera,Syrphida,NA,Eristalis,Syrphid.A,alive,9,1
829,33,Diptera,Syrphida,NA,Eristalis,Syrphid.A,alive,5,1
830,33,Diptera,Syrphida,NA,Eristalis,Syrphid.A,alive,5,1
831,33,Diptera,Syrphida,NA,Eristalis,Syrphid.A,alive,4,1
832,33,Diptera,Syrphida,NA,Eristalis,Syrphid.A,alive,5,1
833,33,Diptera,Syrphida,NA,Eristalis,Syrphid.A,alive,5,1
834,33,Diptera,Syrphida,NA,Eristalis,Syrphid.A,alive,8,1
835,33,Diptera,Syrphida,NA,Eristalis,Syrphid.A,alive,6,1
836,33,Diptera,Syrphida,NA,Eristalis,Syrphid.A,alive,6,1
837,33,Diptera,Syrphida,NA,Eristalis,Syrphid.A,alive,5,1
838,33,Diptera,Syrphida,NA,Eristalis,Syrphid.A,alive,9,1
839,33,Diptera,Syrphida,NA,Eristalis,Syrphid.A,alive,13,1
840,33,Diptera,Syrphida,NA,Eristalis,Syrphid.A,alive,8,1
841,33,Diptera,Syrphida,NA,Eristalis,Syrphid.A,alive,7,1
842,33,Diptera,Syrphida,NA,Eristalis,Syrphid.A,alive,7,1
843,33,Diptera,Syrphida,NA,Eristalis,Syrphid.A,alive,6,1
844,33,Diptera,Syrphida,NA,Eristalis,Syrphid.A,alive,9,1
845,33,Diptera,Syrphida,NA,Eristalis,Syrphid.A,alive,10,1
846,33,Diptera,Syrphida,NA,Eristalis,Syrphid.A,alive,10,1
847,33,Diptera,Syrphida,NA,Eristalis,Syrphid.A,alive,7,1
848,33,Diptera,Syrphida,NA,Eristalis,Syrphid.A,alive,7,1
849,33,Diptera,Syrphida,NA,Eristalis,Syrphid.A,alive,3,1
850,33,Diptera,Syrphida,NA,Eristalis,Syrphid.A,alive,9,1
851,33,Diptera,Syrphida,NA,Eristalis,Syrphid.A,alive,8,1
852,33,Diptera,Syrphida,NA,Eristalis,Syrphid.A,alive,8,1
853,33,Diptera,Syrphida,NA,Eristalis,Syrphid.A,alive,7,1
854,33,Diptera,Syrphida,NA,Eristalis,Syrphid.A,alive,8,1
855,33,Diptera,Syrphida,NA,Eristalis,Syrphid.A,alive,11,1
856,33,Diptera,Syrphida,NA,Eristalis,Syrphid.A,alive,4,1
857,33,Diptera,Syrphida,NA,Eristalis,Syrphid.A,alive,4,1
858,33,Diptera,Syrphida,NA,Eristalis,Syrphid.A,alive,10,1
859,33,Diptera,Syrphida,NA,Eristalis,Syrphid.A,alive,10,1
860,33,Diptera,Syrphida,NA,Eristalis,Syrphid.A,alive,6,1
861,33,Diptera,Syrphida,NA,Eristalis,Syrphid.A,alive,7,1
862,33,Diptera,Syrphida,NA,Eristalis,Syrphid.A,alive,8,1
863,33,Diptera,Syrphida,NA,Eristalis,Syrphid.A,alive,7,1
864,33,Diptera,Syrphida,NA,Eristalis,Syrphid.A,alive,4,1
865,33,Diptera,Syrphida,NA,Eristalis,Syrphid.A,alive,4,1
866,33,Diptera,Syrphida,NA,Eristalis,Syrphid.A,alive,5,1
867,33,Diptera,Syrphida,NA,Eristalis,Syrphid.A,alive,8,1
868,33,Diptera,Syrphida,NA,Eristalis,Syrphid.A,alive,5,1
869,33,Diptera,Syrphida,NA,Eristalis,Syrphid.A,alive,5,1
870,33,Diptera,Syrphida,NA,Eristalis,Syrphid.A,alive,3,1
871,33,Diptera,Syrphida,NA,Eristalis,Syrphid.A,alive,8,1
872,33,Diptera,Syrphida,NA,Eristalis,Syrphid.A,alive,4,1
873,33,Diptera,Syrphida,NA,Eristalis,Syrphid.A,alive,7,1
874,33,Diptera,Syrphida,NA,Eristalis,Syrphid.A,alive,4,1
875,33,Diptera,Syrphida,NA,Eristalis,Syrphid.A,alive,4,1
876,33,Diptera,Syrphida,NA,Eristalis,Syrphid.A,alive,10,1
877,33,Diptera,Syrphida,NA,Eristalis,Syrphid.A,alive,7,1
878,33,Diptera,Syrphida,NA,Eristalis,Syrphid.A,alive,15,1
879,33,Diptera,Syrphida,NA,Eristalis,Syrphid.A,alive,6,1
880,33,Diptera,Syrphida,NA,Eristalis,Syrphid.A,alive,7,1
881,33,Diptera,Syrphida,NA,Eristalis,Syrphid.A,alive,5,1
882,33,Diptera,Syrphida,NA,Eristalis,Syrphid.A,alive,9,1
883,33,Diptera,Syrphida,NA,Eristalis,Syrphid.A,alive,8,1
884,33,Diptera,Syrphida,NA,Eristalis,Syrphid.A,alive,7,1
885,33,Diptera,Syrphida,NA,Eristalis,Syrphid.A,alive,5,1
886,33,Diptera,Syrphida,NA,Eristalis,Syrphid.A,alive,8,1
887,33,Diptera,Syrphida,NA,Eristalis,Syrphid.A,alive,7,1
888,33,Diptera,Syrphida,NA,Eristalis,Syrphid.A,alive,4,1
889,33,Diptera,Syrphida,NA,Eristalis,Syrphid.A,alive,5,1
890,33,Diptera,Syrphida,NA,Eristalis,Syrphid.A,alive,6,1
891,33,Diptera,Syrphida,NA,Eristalis,Syrphid.A,alive,7,1
892,33,Diptera,Syrphida,NA,Eristalis,Syrphid.A,alive,8,1
893,33,Diptera,Syrphida,NA,Eristalis,Syrphid.A,alive,6,1
894,33,Diptera,Syrphida,NA,Eristalis,Syrphid.A,alive,7,1
895,33,Diptera,Syrphida,NA,Eristalis,Syrphid.A,alive,8,1
896,33,Diptera,Syrphida,NA,Eristalis,Syrphid.A,alive,4,1
897,33,Diptera,Syrphida,NA,Eristalis,Syrphid.A,alive,9,1
898,33,Diptera,Syrphida,NA,Eristalis,Syrphid.A,alive,10,1
899,33,Diptera,Syrphida,NA,Eristalis,Syrphid.A,alive,8,1
900,33,Diptera,Syrphida,NA,Eristalis,Syrphid.A,alive,8,1
901,33,Diptera,Syrphida,NA,Eristalis,Syrphid.A,alive,5,1
902,33,Diptera,Syrphida,NA,Eristalis,Syrphid.A,alive,10,1
903,33,Diptera,Syrphida,NA,Eristalis,Syrphid.A,alive,6,1
904,33,Diptera,Syrphida,NA,Eristalis,Syrphid.A,alive,6,1
905,33,Diptera,Syrphida,NA,Eristalis,Syrphid.A,alive,5,1
906,33,Diptera,Syrphida,NA,Eristalis,Syrphid.A,alive,9,1
907,33,Diptera,Syrphida,NA,Eristalis,Syrphid.A,alive,5,1
908,33,Diptera,Syrphida,NA,Eristalis,Syrphid.A,alive,8,1
909,33,Diptera,Syrphida,NA,Eristalis,Syrphid.A,alive,8,1
910,33,Diptera,Syrphida,NA,Eristalis,Syrphid.A,alive,5,1
911,33,Diptera,Syrphida,NA,Eristalis,Syrphid.A,alive,6,1
912,33,Diptera,Syrphida,NA,Eristalis,Syrphid.A,alive,9,1
913,33,Diptera,Syrphida,NA,Eristalis,Syrphid.A,alive,7,1
914,33,Diptera,Syrphida,NA,Eristalis,Syrphid.A,alive,7,1
915,33,Diptera,Syrphida,NA,Eristalis,Syrphid.A,alive,5,1
916,33,Diptera,Syrphida,NA,Eristalis,Syrphid.A,alive,9,1
917,33,Diptera,Syrphida,NA,Eristalis,Syrphid.A,alive,6,1
918,33,Diptera,Syrphida,NA,Eristalis,Syrphid.A,alive,12,1
919,33,Diptera,Syrphida,NA,Eristalis,Syrphid.A,alive,10,1
920,33,Diptera,Syrphida,NA,Eristalis,Syrphid.A,alive,10,1
921,33,Diptera,Syrphida,NA,Eristalis,Syrphid.A,alive,6,1
922,33,Diptera,Syrphida,NA,Eristalis,Syrphid.A,alive,5,1
923,33,Diptera,Syrphida,NA,Eristalis,Syrphid.A,alive,4,1
924,33,Diptera,Syrphida,NA,Eristalis,Syrphid.A,alive,7,1
925,33,Diptera,Syrphida,NA,Eristalis,Syrphid.A,alive,7,1
926,33,Diptera,Syrphida,NA,Eristalis,Syrphid.A,alive,5,1
927,33,Diptera,Syrphida,NA,Eristalis,Syrphid.A,alive,7,1
928,34,Diptera,Ceratopogonidae,Ceratopogoninae,Culicoides?,Ceratopogonid.A,alive,unknown,91
929,34,Diptera,Ceratopogonidae,Ceratopogoninae,Culicoides?,Ceratopogonid.B,alive,unknown,0
930,34,Diptera,Ceratopogonidae,Ceratopogoninae,Culicoides?,Ceratopogonid.C,alive,unknown,0
931,35,Diptera,Psychodidae,NA,NA,Psychodid.A,alive,medium,1
932,35,Diptera,Psychodidae,NA,NA,Psychodid.B,alive,medium,0
933,35,Diptera,Psychodidae,NA,NA,Psychodid.C,alive,medium,0
934,35,Diptera,Psychodidae,NA,NA,Psychodid.D,alive,medium,0
935,35,Diptera,Psychodidae,NA,NA,Psychodid.A,alive,large,11
936,35,Diptera,Psychodidae,NA,NA,Psychodid.B,alive,large,0
937,35,Diptera,Psychodidae,NA,NA,Psychodid.C,alive,large,0
938,35,Diptera,Psychodidae,NA,NA,Psychodid.D,alive,large,0
939,35,Diptera,Psychodidae,NA,NA,Psychodid.A,alive,medium,35
940,35,Diptera,Psychodidae,NA,NA,Psychodid.B,alive,medium,0
941,35,Diptera,Psychodidae,NA,NA,Psychodid.C,alive,medium,0
942,35,Diptera,Psychodidae,NA,NA,Psychodid.D,alive,medium,0
943,35,Diptera,Psychodidae,NA,NA,Psychodid.A,alive,small,3
944,35,Diptera,Psychodidae,NA,NA,Psychodid.B,alive,small,0
945,35,Diptera,Psychodidae,NA,NA,Psychodid.C,alive,small,0
946,35,Diptera,Psychodidae,NA,NA,Psychodid.D,alive,small,0
947,37,Diptera,Ceratopogonidae,Ceratopogoninae,Culicoides?,Ceratopogonid.A,alive,unknown,344
948,37,Diptera,Ceratopogonidae,Ceratopogoninae,Culicoides?,Ceratopogonid.B,alive,unknown,0
949,37,Diptera,Ceratopogonidae,Ceratopogoninae,Culicoides?,Ceratopogonid.C,alive,unknown,0
950,37,Diptera,Ceratopogonidae,NA,NA,Pupa.A,alive,0,4
951,37,Diptera,Ceratopogonidae,NA,NA,Pupa.B,alive,0,0
952,37,Diptera,Ceratopogonidae,NA,NA,Pupa.C,alive,0,0
953,37,Diptera,Ceratopogonidae,NA,NA,Pupa.D,alive,0,0
954,37,Diptera,Ceratopogonidae,NA,NA,Pupa.A,alive,0,4
955,37,Diptera,Ceratopogonidae,NA,NA,Pupa.B,alive,0,0
956,37,Diptera,Ceratopogonidae,NA,NA,Pupa.C,alive,0,0
957,37,Diptera,Ceratopogonidae,NA,NA,Pupa.D,alive,0,0
958,37,Diptera,Syrphida,NA,Eristalis,Syrphid.A,alive,10,1
959,37,Diptera,Syrphida,NA,Eristalis,Syrphid.A,alive,12,1
960,37,Diptera,Syrphida,NA,Eristalis,Syrphid.A,alive,11,1
961,37,Diptera,Syrphida,NA,Eristalis,Syrphid.A,alive,13,1
962,37,Diptera,Syrphida,NA,Eristalis,Syrphid.A,alive,11,1
963,37,Diptera,Syrphida,NA,Eristalis,Syrphid.A,alive,10,1
964,37,Diptera,Syrphida,NA,Eristalis,Syrphid.A,alive,11,1
965,37,Diptera,Syrphida,NA,Eristalis,Syrphid.A,alive,11,1
966,37,Diptera,Syrphida,NA,Eristalis,Syrphid.A,alive,12,1
967,37,Diptera,Syrphida,NA,Eristalis,Syrphid.A,alive,5,1
968,37,Diptera,Syrphida,NA,Eristalis,Syrphid.A,alive,5,1
969,37,Diptera,Syrphida,NA,Eristalis,Syrphid.A,alive,6,1
970,37,Diptera,Syrphida,NA,Eristalis,Syrphid.A,alive,4,1
971,37,Diptera,Syrphida,NA,Eristalis,Syrphid.A,alive,6,1
972,37,Diptera,Syrphida,NA,Eristalis,Syrphid.A,alive,8,1
973,37,Diptera,Syrphida,NA,Eristalis,Syrphid.A,alive,8,1
974,37,Diptera,Syrphida,NA,Eristalis,Syrphid.A,alive,5,1
975,39,Diptera,Psychodidae,NA,NA,Psychodid.A,alive,small,1
976,39,Diptera,Psychodidae,NA,NA,Psychodid.B,alive,small,0
977,39,Diptera,Psychodidae,NA,NA,Psychodid.C,alive,small,0
978,39,Diptera,Psychodidae,NA,NA,Psychodid.D,alive,small,0
979,39,Diptera,Psychodidae,NA,NA,Psychodid.A,alive,medium,2
980,39,Diptera,Psychodidae,NA,NA,Psychodid.B,alive,medium,0
981,39,Diptera,Psychodidae,NA,NA,Psychodid.C,alive,medium,0
982,39,Diptera,Psychodidae,NA,NA,Psychodid.D,alive,medium,0
983,39,Diptera,Psychodidae,NA,NA,Psychodid.A,alive,Medium,2
984,39,Diptera,Psychodidae,NA,NA,Psychodid.B,alive,Medium,0
985,39,Diptera,Psychodidae,NA,NA,Psychodid.C,alive,Medium,0
986,39,Diptera,Psychodidae,NA,NA,Psychodid.D,alive,Medium,0
987,39,Diptera,Psychodidae,NA,NA,Psychodid.A,alive,Small,1
988,39,Diptera,Psychodidae,NA,NA,Psychodid.B,alive,Small,0
989,39,Diptera,Psychodidae,NA,NA,Psychodid.C,alive,Small,0
990,39,Diptera,Psychodidae,NA,NA,Psychodid.D,alive,Small,0
991,39,Diptera,Psychodidae,NA,NA,Psychodid.A,alive,medium,12
992,39,Diptera,Psychodidae,NA,NA,Psychodid.B,alive,medium,0
993,39,Diptera,Psychodidae,NA,NA,Psychodid.C,alive,medium,0
994,39,Diptera,Psychodidae,NA,NA,Psychodid.D,alive,medium,0
995,39,Diptera,Psychodidae,NA,NA,Psychodid.A,alive,small,2
996,39,Diptera,Psychodidae,NA,NA,Psychodid.B,alive,small,0
997,39,Diptera,Psychodidae,NA,NA,Psychodid.C,alive,small,0
998,39,Diptera,Psychodidae,NA,NA,Psychodid.D,alive,small,0
999,39,Diptera,Psychodidae,NA,NA,Pupa.A,dead,4,0
1000,39,Diptera,Psychodidae,NA,NA,Pupa.B,dead,4,1
1001,39,Diptera,Psychodidae,NA,NA,Pupa.C,dead,4,0
1002,39,Diptera,Psychodidae,NA,NA,Pupa.D,dead,4,0
1003,39,Diptera,Syrphida,NA,Eristalis,Syrphid.A,alive,8,1
1004,39,Diptera,Syrphida,NA,Eristalis,Syrphid.A,alive,9,1
1005,39,Diptera,Syrphida,NA,Eristalis,Syrphid.A,alive,9,1
1006,39,Diptera,Syrphida,NA,Eristalis,Syrphid.A,alive,10,1
1007,41,Diptera,Ceratopogonidae,Ceratopogoninae,Culicoides?,Ceratopogonid.A,alive,unknown,118
1008,41,Diptera,Ceratopogonidae,Ceratopogoninae,Culicoides?,Ceratopogonid.B,alive,unknown,0
1009,41,Diptera,Ceratopogonidae,Ceratopogoninae,Culicoides?,Ceratopogonid.C,alive,unknown,0
1010,41,Diptera,Ceratopogonidae,NA,NA,Pupa.A,alive,4,2
1011,41,Diptera,Ceratopogonidae,NA,NA,Pupa.B,alive,4,0
1012,41,Diptera,Ceratopogonidae,NA,NA,Pupa.C,alive,4,0
1013,41,Diptera,Ceratopogonidae,NA,NA,Pupa.D,alive,4,0
1014,41,Diptera,Ceratopogonidae,NA,NA,Pupa.A,alive,3,0
1015,41,Diptera,Ceratopogonidae,NA,NA,Pupa.B,alive,3,4
1016,41,Diptera,Ceratopogonidae,NA,NA,Pupa.C,alive,3,0
1017,41,Diptera,Ceratopogonidae,NA,NA,Pupa.D,alive,3,0
1018,41,Diptera,Syrphida,NA,Eristalis,Syrphid.A,alive,12,1
1019,41,Diptera,Syrphida,NA,Eristalis,Syrphid.A,alive,14,1
1020,41,Diptera,Syrphida,NA,Eristalis,Syrphid.A,alive,9,1
1021,41,Diptera,Syrphida,NA,Eristalis,Syrphid.A,alive,11,1
1022,41,Diptera,Syrphida,NA,Eristalis,Syrphid.A,alive,12,1
1023,41,Diptera,Syrphida,NA,Eristalis,Syrphid.A,alive,10,1
1024,41,Diptera,Syrphida,NA,Eristalis,Syrphid.A,alive,12,1
1025,41,Diptera,Syrphida,NA,Eristalis,Syrphid.A,alive,12,1
1026,41,Diptera,Syrphida,NA,Eristalis,Syrphid.A,alive,6,1
1027,41,Diptera,Syrphida,NA,Eristalis,Syrphid.A,alive,10,1
1028,42,Diptera,Ceratopogonidae,Ceratopogoninae,Culicoides?,Ceratopogonid.A,alive,unknown,0
1029,42,Diptera,Ceratopogonidae,Ceratopogoninae,Culicoides?,Ceratopogonid.B,alive,unknown,0
1030,42,Diptera,Ceratopogonidae,Ceratopogoninae,Culicoides?,Ceratopogonid.C,alive,unknown,0
1031,42,Diptera,Empididae,Empididae,Empidid,Empidid.A,unknown,unknown,1
1032,43,Diptera,Ceratopogonidae,Ceratopogoninae,Culicoides?,Ceratopogonid.A,alive,unknown,113
1033,43,Diptera,Ceratopogonidae,Ceratopogoninae,Culicoides?,Ceratopogonid.B,alive,unknown,0
1034,43,Diptera,Ceratopogonidae,Ceratopogoninae,Culicoides?,Ceratopogonid.C,alive,unknown,0
1035,43,Diptera,Ceratopogonidae,NA,NA,Pupa.A,alive,3,9
1036,43,Diptera,Ceratopogonidae,NA,NA,Pupa.B,alive,3,7
1037,43,Diptera,Ceratopogonidae,NA,NA,Pupa.C,alive,3,0
1038,43,Diptera,Ceratopogonidae,NA,NA,Pupa.D,alive,3,0
1039,44,Diptera,Ceratopogonidae,Ceratopogoninae,Culicoides?,Ceratopogonid.A,alive,unknown,3
1040,44,Diptera,Ceratopogonidae,Ceratopogoninae,Culicoides?,Ceratopogonid.B,alive,unknown,0
1041,44,Diptera,Ceratopogonidae,Ceratopogoninae,Culicoides?,Ceratopogonid.C,alive,unknown,0
1042,44,Diptera,Syrphida,NA,Eristalis,Syrphid.A,alive,14,1
1043,44,Diptera,Syrphida,NA,Eristalis,Syrphid.A,alive,8,1
1044,44,Diptera,Syrphida,NA,Eristalis,Syrphid.A,alive,13,1
1045,44,Diptera,Syrphida,NA,Eristalis,Syrphid.A,alive,8,1
1046,44,Diptera,Syrphida,NA,NA,Syrphid.A,alive,9,1
1047,45,Diptera,Ceratopogonidae,Ceratopogoninae,Culicoides?,Ceratopogonid.A,alive,unknown,147
1048,45,Diptera,Ceratopogonidae,Ceratopogoninae,Culicoides?,Ceratopogonid.B,alive,unknown,0
1049,45,Diptera,Ceratopogonidae,Ceratopogoninae,Culicoides?,Ceratopogonid.C,alive,unknown,0
1050,45,Diptera,Ceratopogonidae,NA,NA,Pupa.A,dead,4,1
1051,45,Diptera,Ceratopogonidae,NA,NA,Pupa.B,dead,4,0
1052,45,Diptera,Ceratopogonidae,NA,NA,Pupa.C,dead,4,0
1053,45,Diptera,Ceratopogonidae,NA,NA,Pupa.D,dead,4,0
1054,45,Diptera,Ceratopogonidae,NA,NA,Pupa.A,dead,2,1
1055,45,Diptera,Ceratopogonidae,NA,NA,Pupa.B,dead,2,4
1056,45,Diptera,Ceratopogonidae,NA,NA,Pupa.C,dead,2,0
1057,45,Diptera,Ceratopogonidae,NA,NA,Pupa.D,dead,2,0
1058,45,Diptera,Syrphida,NA,Eristalis,Syrphid.A,alive,8,1
1059,45,Diptera,Syrphida,NA,Eristalis,Syrphid.A,alive,8,1
1060,45,Diptera,Syrphida,NA,Eristalis,Syrphid.A,alive,7,1
1061,45,Diptera,Syrphida,NA,Eristalis,Syrphid.A,alive,8,1
1062,46,Diptera,Ceratopogonidae,Ceratopogoninae,Culicoides?,Ceratopogonid.A,alive,unknown,1
1063,46,Diptera,Ceratopogonidae,Ceratopogoninae,Culicoides?,Ceratopogonid.B,alive,unknown,0
1064,46,Diptera,Ceratopogonidae,Ceratopogoninae,Culicoides?,Ceratopogonid.C,alive,unknown,0
1065,46,Diptera,Syrphida,NA,Eristalis,Syrphid.A,dead,7,1
1066,46,Diptera,Syrphida,NA,Eristalis,Syrphid.A,alive,4,1
1067,47,Diptera,Ceratopogonidae,Ceratopogoninae,Culicoides?,Ceratopogonid.A,alive,unknown,425
1068,47,Diptera,Ceratopogonidae,Ceratopogoninae,Culicoides?,Ceratopogonid.B,alive,unknown,0
1069,47,Diptera,Ceratopogonidae,Ceratopogoninae,Culicoides?,Ceratopogonid.C,alive,unknown,0
1070,47,Diptera,Ceratopogonidae,NA,NA,Pupa.A,alive,2.5,0
1071,47,Diptera,Ceratopogonidae,NA,NA,Pupa.B,alive,2.5,2
1072,47,Diptera,Ceratopogonidae,NA,NA,Pupa.C,alive,2.5,0
1073,47,Diptera,Ceratopogonidae,NA,NA,Pupa.D,alive,2.5,0
1074,47,Diptera,Ceratopogonidae,NA,NA,Pupa.A,alive,3,2
1075,47,Diptera,Ceratopogonidae,NA,NA,Pupa.B,alive,3,2
1076,47,Diptera,Ceratopogonidae,NA,NA,Pupa.C,alive,3,0
1077,47,Diptera,Ceratopogonidae,NA,NA,Pupa.D,alive,3,0
1078,47,Diptera,Syrphida,NA,Eristalis,Syrphid.A,alive,10,1
1079,47,Diptera,Syrphida,NA,Eristalis,Syrphid.A,alive,12,1
1080,48,Diptera,Ceratopogonidae,Ceratopogoninae,Culicoides?,Ceratopogonid.A,alive,unknown,35
1081,48,Diptera,Ceratopogonidae,Ceratopogoninae,Culicoides?,Ceratopogonid.B,alive,unknown,0
1082,48,Diptera,Ceratopogonidae,Ceratopogoninae,Culicoides?,Ceratopogonid.C,alive,unknown,0
1083,48,Diptera,Ceratopogonidae,NA,NA,Pupa.A,alive,3.5,4
1084,48,Diptera,Ceratopogonidae,NA,NA,Pupa.B,alive,3.5,0
1085,48,Diptera,Ceratopogonidae,NA,NA,Pupa.C,alive,3.5,0
1086,48,Diptera,Ceratopogonidae,NA,NA,Pupa.D,alive,3.5,0
1087,48,Diptera,Ceratopogonidae,NA,NA,Pupa.A,alive,2.5,0
1088,48,Diptera,Ceratopogonidae,NA,NA,Pupa.B,alive,2.5,1
1089,48,Diptera,Ceratopogonidae,NA,NA,Pupa.C,alive,2.5,0
1090,48,Diptera,Ceratopogonidae,NA,NA,Pupa.D,alive,2.5,0
1091,48,Diptera,Ceratopogonidae,NA,NA,Pupa.A,alive,4,2
1092,48,Diptera,Ceratopogonidae,NA,NA,Pupa.B,alive,4,3
1093,48,Diptera,Ceratopogonidae,NA,NA,Pupa.C,alive,4,0
1094,48,Diptera,Ceratopogonidae,NA,NA,Pupa.D,alive,4,0
1095,48,Diptera,Ceratopogonidae,NA,NA,Pupa.A,alive,4,1
1096,48,Diptera,Ceratopogonidae,NA,NA,Pupa.B,alive,4,0
1097,48,Diptera,Ceratopogonidae,NA,NA,Pupa.C,alive,4,0
1098,48,Diptera,Ceratopogonidae,NA,NA,Pupa.D,alive,4,0
1099,48,Diptera,Syrphida,NA,Eristalis,Syrphid.A,alive,16,1
1100,48,Diptera,Syrphida,NA,Eristalis,Syrphid.A,alive,14,1
1101,48,Diptera,Syrphida,NA,Eristalis,Syrphid.A,alive,14,1
1102,14,Diptera,Ceratopogonidae,Ceratopogoninae,Culicoides?,Ceratopogonid.A,alive,unknown,14
1103,14,Diptera,Ceratopogonidae,Ceratopogoninae,Culicoides?,Ceratopogonid.B,alive,unknown,0
1104,14,Diptera,Ceratopogonidae,Ceratopogoninae,Culicoides?,Ceratopogonid.C,alive,unknown,0
1105,14,Diptera,Psychodidae,NA,NA,Psychodid.A,alive,medium,8
1106,14,Diptera,Psychodidae,NA,NA,Psychodid.B,alive,medium,0
1107,14,Diptera,Psychodidae,NA,NA,Psychodid.C,alive,medium,0
1108,14,Diptera,Psychodidae,NA,NA,Psychodid.D,alive,medium,0
1109,14,Diptera,Psychodidae,NA,NA,Psychodid.A,alive,medium,5
1110,14,Diptera,Psychodidae,NA,NA,Psychodid.B,alive,medium,0
1111,14,Diptera,Psychodidae,NA,NA,Psychodid.C,alive,medium,0
1112,14,Diptera,Psychodidae,NA,NA,Psychodid.D,alive,medium,0
1113,14,Diptera,Psychodidae,NA,NA,Psychodid.A,alive,small,1
1114,14,Diptera,Psychodidae,NA,NA,Psychodid.B,alive,small,0
1115,14,Diptera,Psychodidae,NA,NA,Psychodid.C,alive,small,0
1116,14,Diptera,Psychodidae,NA,NA,Psychodid.D,alive,small,0
1117,14,Diptera,Syrphida,NA,Eristalis,Syrphid.A,dead,7,1
1118,14,Diptera,Syrphida,NA,Eristalis,Syrphid.A,dead,3,1
1119,58,Diptera,Ceratopogonidae,Ceratopogoninae,Culicoides?,Ceratopogonid.A,alive,unknown,40
1120,58,Diptera,Ceratopogonidae,Ceratopogoninae,Culicoides?,Ceratopogonid.B,alive,unknown,0
1121,58,Diptera,Ceratopogonidae,Ceratopogoninae,Culicoides?,Ceratopogonid.C,alive,unknown,0
1122,58,Diptera,Syrphida,NA,Eristalis,Syrphid.A,alive,10,1
1123,58,Diptera,Syrphida,NA,Eristalis,Syrphid.A,alive,11,1
1124,58,Diptera,Syrphida,NA,Eristalis,Syrphid.A,alive,9,1
1125,58,Diptera,Syrphida,NA,Eristalis,Syrphid.A,alive,11,1
1126,59,Diptera,Ceratopogonidae,Ceratopogoninae,Culicoides?,Ceratopogonid.A,alive,unknown,8
1127,59,Diptera,Ceratopogonidae,Ceratopogoninae,Culicoides?,Ceratopogonid.B,alive,unknown,0
1128,59,Diptera,Ceratopogonidae,Ceratopogoninae,Culicoides?,Ceratopogonid.C,alive,unknown,0
1129,67,Diptera,Ceratopogonidae,Ceratopogoninae,Culicoides?,Ceratopogonid.A,alive,unknown,15
1130,67,Diptera,Ceratopogonidae,Ceratopogoninae,Culicoides?,Ceratopogonid.B,alive,unknown,0
1131,67,Diptera,Ceratopogonidae,Ceratopogoninae,Culicoides?,Ceratopogonid.C,alive,unknown,0
1132,67,Diptera,Ceratopogonidae,NA,NA,Pupa.A,alive,3,7
1133,67,Diptera,Ceratopogonidae,NA,NA,Pupa.B,alive,3,0
1134,67,Diptera,Ceratopogonidae,NA,NA,Pupa.C,alive,3,0
1135,67,Diptera,Ceratopogonidae,NA,NA,Pupa.D,alive,3,0
1136,67,Diptera,Psychodidae,NA,NA,Psychodid.A,alive,small,2
1137,67,Diptera,Psychodidae,NA,NA,Psychodid.B,alive,small,0
1138,67,Diptera,Psychodidae,NA,NA,Psychodid.C,alive,small,0
1139,67,Diptera,Psychodidae,NA,NA,Psychodid.D,alive,small,0
1140,67,Diptera,Psychodidae,NA,NA,Psychodid.A,alive,medium,7
1141,67,Diptera,Psychodidae,NA,NA,Psychodid.B,alive,medium,0
1142,67,Diptera,Psychodidae,NA,NA,Psychodid.C,alive,medium,0
1143,67,Diptera,Psychodidae,NA,NA,Psychodid.D,alive,medium,0
1144,67,Diptera,Syrphida,NA,Eristalis,Syrphid.A,alive,2,1
1145,67,Diptera,Syrphida,NA,Eristalis,Syrphid.A,alive,7,1
1146,67,Diptera,Syrphida,NA,Eristalis,Syrphid.A,alive,3,1
1147,67,Diptera,Syrphida,NA,Eristalis,Syrphid.A,alive,6,1
1148,67,Diptera,Syrphida,NA,Eristalis,Syrphid.A,alive,6,1
1149,67,Diptera,Syrphida,NA,Eristalis,Syrphid.A,alive,6,1
1150,67,Diptera,Syrphida,NA,Eristalis,Syrphid.A,alive,3,1
1151,67,Diptera,Syrphida,NA,Eristalis,Syrphid.A,alive,2,1
1152,67,Diptera,Syrphida,NA,Eristalis,Syrphid.A,alive,3,1
1153,67,Diptera,Syrphida,NA,Eristalis,Syrphid.A,alive,3,1
1154,67,Diptera,Syrphida,NA,Eristalis,Syrphid.A,alive,2,1
1155,67,Diptera,Syrphida,NA,Eristalis,Syrphid.A,alive,3,1
1156,67,Diptera,Syrphida,NA,Eristalis,Syrphid.A,alive,3,1
1157,67,Diptera,Syrphida,NA,Eristalis,Syrphid.A,alive,3,1
1158,67,Diptera,Syrphida,NA,Eristalis,Syrphid.A,alive,4,1
1159,67,Diptera,Syrphida,NA,Eristalis,Syrphid.A,alive,4,1
1160,67,Diptera,Syrphida,NA,Eristalis,Syrphid.A,alive,4,1
1161,67,Diptera,Syrphida,NA,Eristalis,Syrphid.A,alive,5,1
1162,67,Diptera,Syrphida,NA,Eristalis,Syrphid.A,alive,3,1
1163,67,Diptera,Syrphida,NA,Eristalis,Syrphid.A,alive,4,1
1164,67,Diptera,Syrphida,NA,Eristalis,Syrphid.A,alive,4,1
1165,67,Diptera,Syrphida,NA,Eristalis,Syrphid.A,alive,3,1
1166,67,Diptera,Syrphida,NA,Eristalis,Syrphid.A,alive,4,1
1167,67,Diptera,Syrphida,NA,Eristalis,Syrphid.A,alive,7,1
1168,67,Diptera,Syrphida,NA,Eristalis,Syrphid.A,alive,3,1
1169,67,Diptera,Syrphida,NA,Eristalis,Syrphid.A,alive,2,1
1170,67,Diptera,Syrphida,NA,Eristalis,Syrphid.A,alive,3,1
1171,67,Diptera,Syrphida,NA,Eristalis,Syrphid.A,alive,5,1
1172,67,Diptera,Syrphida,NA,Eristalis,Syrphid.A,alive,3,1
1173,67,Diptera,Syrphida,NA,Eristalis,Syrphid.A,alive,3,1
1174,67,Diptera,Syrphida,NA,Eristalis,Syrphid.A,alive,6,1
1175,67,Diptera,Syrphida,NA,Eristalis,Syrphid.A,alive,5,1
1176,67,Diptera,Syrphida,NA,NA,Syrphid.A,dead,10,1
1177,70,Diptera,Ceratopogonidae,Ceratopogoninae,Culicoides?,Ceratopogonid.A,alive,unknown,145
1178,70,Diptera,Ceratopogonidae,Ceratopogoninae,Culicoides?,Ceratopogonid.B,alive,unknown,0
1179,70,Diptera,Ceratopogonidae,Ceratopogoninae,Culicoides?,Ceratopogonid.C,alive,unknown,0
1180,70,Diptera,Syrphida,NA,Eristalis,Syrphid.A,alive,5,1
1181,70,Diptera,Syrphida,NA,Eristalis,Syrphid.A,alive,9,1
1182,70,Diptera,Syrphida,NA,Eristalis,Syrphid.A,alive,3,1
1183,70,Diptera,Syrphida,NA,Eristalis,Syrphid.A,alive,4,1
1184,70,Diptera,Syrphida,NA,Eristalis,Syrphid.A,alive,5,1
1185,70,Diptera,Syrphida,NA,Eristalis,Syrphid.A,alive,6,1
1186,70,Diptera,Syrphida,NA,Eristalis,Syrphid.A,alive,5,1
1187,70,Diptera,Syrphida,NA,Eristalis,Syrphid.A,alive,7,1
1188,70,Diptera,Syrphida,NA,Eristalis,Syrphid.A,alive,7,1
1189,70,Diptera,Syrphida,NA,Eristalis,Syrphid.A,alive,5,1
1190,70,Diptera,Syrphida,NA,Eristalis,Syrphid.A,alive,7,1
1191,70,Diptera,Syrphida,NA,Eristalis,Syrphid.A,alive,2,1
1192,70,Diptera,Syrphida,NA,Eristalis,Syrphid.A,alive,6,1
1193,70,Diptera,Syrphida,NA,Eristalis,Syrphid.A,alive,6,1
1194,70,Diptera,Syrphida,NA,Eristalis,Syrphid.A,alive,5,1
1195,70,Diptera,Syrphida,NA,Eristalis,Syrphid.A,alive,8,1
1196,70,Diptera,Syrphida,NA,Eristalis,Syrphid.A,alive,8,1
1197,70,Diptera,Syrphida,NA,Eristalis,Syrphid.A,alive,4,1
1198,70,Diptera,Syrphida,NA,Eristalis,Syrphid.A,alive,6,1
1199,70,Diptera,Syrphida,NA,Eristalis,Syrphid.A,alive,6,1
1200,70,Diptera,Syrphida,NA,Eristalis,Syrphid.A,alive,3,1
1201,70,Diptera,Syrphida,NA,Eristalis,Syrphid.A,alive,3,1
1202,70,Diptera,Syrphida,NA,Eristalis,Syrphid.A,alive,2,1
1203,70,Diptera,Syrphida,NA,Eristalis,Syrphid.A,alive,3,1
1204,70,Diptera,Syrphida,NA,Eristalis,Syrphid.A,alive,3,1
1205,70,Diptera,Syrphida,NA,Eristalis,Syrphid.A,alive,3,1
1206,70,Diptera,Syrphida,NA,Eristalis,Syrphid.A,alive,3,1
1207,70,Diptera,Syrphida,NA,Eristalis,Syrphid.A,alive,3,1
1208,72,Diptera,Ceratopogonidae,Ceratopogoninae,Culicoides?,Ceratopogonid.A,alive,unknown,21
1209,72,Diptera,Ceratopogonidae,Ceratopogoninae,Culicoides?,Ceratopogonid.B,alive,unknown,0
1210,72,Diptera,Ceratopogonidae,Ceratopogoninae,Culicoides?,Ceratopogonid.C,alive,unknown,0
1211,72,Diptera,Ceratopogonidae,NA,NA,Pupa.A,alive,6,0
1212,72,Diptera,Ceratopogonidae,NA,NA,Pupa.B,alive,6,0
1213,72,Diptera,Ceratopogonidae,NA,NA,Pupa.C,alive,6,5
1214,72,Diptera,Ceratopogonidae,NA,NA,Pupa.D,alive,6,0
1215,72,Diptera,Ceratopogonidae,NA,NA,Pupa.A,alive,3,0
1216,72,Diptera,Ceratopogonidae,NA,NA,Pupa.B,alive,3,1
1217,72,Diptera,Ceratopogonidae,NA,NA,Pupa.C,alive,3,0
1218,72,Diptera,Ceratopogonidae,NA,NA,Pupa.D,alive,3,0
1219,72,Diptera,Psychodidae,NA,NA,Psychodid.A,alive,small,21
1220,72,Diptera,Psychodidae,NA,NA,Psychodid.B,alive,small,0
1221,72,Diptera,Psychodidae,NA,NA,Psychodid.C,alive,small,0
1222,72,Diptera,Psychodidae,NA,NA,Psychodid.D,alive,small,0
1223,72,Diptera,Psychodidae,NA,NA,Psychodid.A,alive,medium,18
1224,72,Diptera,Psychodidae,NA,NA,Psychodid.B,alive,medium,0
1225,72,Diptera,Psychodidae,NA,NA,Psychodid.C,alive,medium,0
1226,72,Diptera,Psychodidae,NA,NA,Psychodid.D,alive,medium,0
1227,72,Diptera,Psychodidae,NA,NA,Psychodid.A,alive,large,22
1228,72,Diptera,Psychodidae,NA,NA,Psychodid.B,alive,large,0
1229,72,Diptera,Psychodidae,NA,NA,Psychodid.C,alive,large,0
1230,72,Diptera,Psychodidae,NA,NA,Psychodid.D,alive,large,0
1231,72,Diptera,Psychodidae,NA,NA,Psychodid.A,alive,small,40
1232,72,Diptera,Psychodidae,NA,NA,Psychodid.B,alive,small,0
1233,72,Diptera,Psychodidae,NA,NA,Psychodid.C,alive,small,0
1234,72,Diptera,Psychodidae,NA,NA,Psychodid.D,alive,small,0
1235,72,Diptera,Psychodidae,NA,NA,Psychodid.A,alive,medium,32
1236,72,Diptera,Psychodidae,NA,NA,Psychodid.B,alive,medium,0
1237,72,Diptera,Psychodidae,NA,NA,Psychodid.C,alive,medium,0
1238,72,Diptera,Psychodidae,NA,NA,Psychodid.D,alive,medium,0
1239,72,Diptera,Psychodidae,NA,NA,Psychodid.A,alive,large,23
1240,72,Diptera,Psychodidae,NA,NA,Psychodid.B,alive,large,0
1241,72,Diptera,Psychodidae,NA,NA,Psychodid.C,alive,large,0
1242,72,Diptera,Psychodidae,NA,NA,Psychodid.D,alive,large,0
1243,72,Diptera,Psychodidae,NA,NA,Psychodid.A,alive,Small,1
1244,72,Diptera,Psychodidae,NA,NA,Psychodid.B,alive,Small,0
1245,72,Diptera,Psychodidae,NA,NA,Psychodid.C,alive,Small,0
1246,72,Diptera,Psychodidae,NA,NA,Psychodid.D,alive,Small,0
1247,72,Diptera,Syrphida,NA,Eristalis,Syrphid.A,alive,9,1
1248,72,Diptera,Syrphida,NA,Eristalis,Syrphid.A,alive,11,1
1249,72,Diptera,Syrphida,NA,Eristalis,Syrphid.A,alive,6,1
1250,72,Diptera,Syrphida,NA,Eristalis,Syrphid.A,alive,2,1
1251,72,Diptera,Syrphida,NA,Eristalis,Syrphid.A,alive,8,1
1252,72,Diptera,Syrphida,NA,Eristalis,Syrphid.A,alive,8,1
1253,72,Diptera,Syrphida,NA,Eristalis,Syrphid.A,alive,2,1
1254,72,Diptera,Syrphida,NA,Eristalis,Syrphid.A,alive,3,1
1255,72,Diptera,Syrphida,NA,Eristalis,Syrphid.A,alive,11,1
1256,72,Diptera,Syrphida,NA,Eristalis,Syrphid.A,alive,11,1
1257,72,Diptera,Syrphida,NA,Eristalis,Syrphid.A,alive,12,1
1258,73,Diptera,Ceratopogonidae,Ceratopogoninae,Culicoides?,Ceratopogonid.A,alive,unknown,75
1259,73,Diptera,Ceratopogonidae,Ceratopogoninae,Culicoides?,Ceratopogonid.B,alive,unknown,0
1260,73,Diptera,Ceratopogonidae,Ceratopogoninae,Culicoides?,Ceratopogonid.C,alive,unknown,0
1261,73,Diptera,Ceratopogonidae,NA,NA,Pupa.A,alive,3,2
1262,73,Diptera,Ceratopogonidae,NA,NA,Pupa.B,alive,3,0
1263,73,Diptera,Ceratopogonidae,NA,NA,Pupa.C,alive,3,0
1264,73,Diptera,Ceratopogonidae,NA,NA,Pupa.D,alive,3,0
1265,73,Diptera,Syrphida,NA,Eristalis,Syrphid.A,alive,10,1
1266,73,Diptera,Syrphida,NA,Eristalis,Syrphid.A,alive,10,1
1267,73,Diptera,Syrphida,NA,Eristalis,Syrphid.A,alive,11,1
1268,73,Diptera,Syrphida,NA,Eristalis,Syrphid.A,alive,10,1
1269,73,Diptera,Syrphida,NA,Eristalis,Syrphid.A,alive,10,1
1270,73,Diptera,Syrphida,NA,Eristalis,Syrphid.A,alive,11,1
1271,73,Diptera,Syrphida,NA,Eristalis,Syrphid.A,alive,10,1
1272,73,Diptera,Syrphida,NA,Eristalis,Syrphid.A,alive,10,1
1273,73,Diptera,Syrphida,NA,Eristalis,Syrphid.A,alive,10,1
1274,73,Diptera,Syrphida,NA,Eristalis,Syrphid.A,alive,10,1
1275,73,Diptera,Syrphida,NA,Eristalis,Syrphid.A,alive,11,1
1276,73,Diptera,Syrphida,NA,Eristalis,Syrphid.A,alive,9,1
1277,73,Diptera,Syrphida,NA,Eristalis,Syrphid.A,dead,6,1
1278,3,Diptera,Unknown,Unknown,Unknown,Diptera.A,unknown,unknown,5
1279,15,Diptera,Cecidomyiidae,Cecidomyiidae,Cecidomyiid,Cecidomyiid.A,unknown,unknown,1
1280,25,Diptera,Unknown,Unknown,Unknown,Diptera.B,unknown,unknown,1
1281,32,Diptera,Dolichopodidae,Dolichopodidae,Dolichopodid,Dolichopodid.A,unknown,unknown,5
1282,42,Diptera,Empididae,Empididae,Empidid,Empidid.A,unknown,unknown,1
1283,3,Diptera,Unknown,Unknown,Unknown,Diptera.A,unknown,unknown,5
1284,15,Diptera,Cecidomyiidae,Cecidomyiidae,Cecidomyiid,Cecidomyiid.A,unknown,unknown,1
1285,25,Diptera,Unknown,Unknown,Unknown,Diptera.B,unknown,unknown,1
1286,32,Diptera,Dolichopodidae,Dolichopodidae,Dolichopodid,Dolichopodid.A,unknown,unknown,5
1287,42,Diptera,Empididae,Empididae,Empidid,Empidid.A,unknown,unknown,1
