Entry number,Habitat,Treehole Number,Morphospecies,Size (mm),Amount ,
478,G,001G,Chironomid,7,1,
479,G,001G,Chironomid,9,1,
473,G,001G,Chironomid,2,4,
477,G,001G,Chironomid,6,6,
476,G,001G,Chironomid,5,18,
475,G,001G,Chironomid,4,28,
474,G,001G,Chironomid,3,38,
,,001G,Polypedilum,,387,
683,T,001T,Syrphid ,15,2,
682,T,001T,Chironomid Sp. A,3,4,
681,T,001T,Ceratopogonid Sp. A,4,38,
652,G,002G,Orthocladiinae Sp.A,3,1,
647,G,002G,Polypedilum Sp.A,11,2,
651,G,002G,Pupas,4,2,
648,G,002G,Polypedilum Sp.A,6,3,
650,G,002G,Ceratopogonid Sp.A,6,3,
646,G,002G,Polypedilum Sp.A,10,4,
649,G,002G,Ceratopogonid Sp.A,5,7,
,,002G,Polypedilum cf. sp.A,,50,
,,002G,Polypedilum Sp.A,,127,
899,T,002T,Pupae Hairy ,7,1,
898,T,002T,Polypedilum,Small,29,
897,T,002T,Polypedilum,Big,40,
108,G,003G,Cecidomid Sp.A,3,3,
110,G,003G,Cecidomid Sp.A,5,4,
109,G,003G,Cecidomid Sp.A,4,7,
883,T,003T,Pupae Orange,2,3,
884,T,003T,Pupae Black,3,4,
877,T,003T,Chironomid A ,2,5,
885,T,003T,Pupae White,4,5,
881,T,003T,Chironomid A ,6,20,
878,T,003T,Chironomid A ,3,33,
880,T,003T,Chironomid A ,5,74,
879,T,003T,Chironomid A ,4,100,
895,G,004G,Dead,Dead,6,
199,,004G,Polypedilum,,130,
,,004T,Chironomid A ,,123,
,,005G,Polypedilum,,122,
639,T,005T,Unknown,3,1,
632,T,005T,Syrphid,11,3,
636,T,005T,Ceratopogonid,2,6,
635,T,005T,Pupas,4,7,
633,T,005T,Syrphid,13,9,
634,T,005T,Syrphid,14,9,
637,T,005T,Ceratopogonid,3,16,
638,T,005T,Ceratopogonid,4,67,
,,006G,Dead,Dead,1,
,,006G,Polypedilum,,24,
87,T,006T,Syrphid,16,1,
85,T,006T,Ceratopogonid Sp.B,2,2,
86,T,006T,Dead,Dead,3,
89,T,006T,mosquito,,22,
88,T,006T,Pupas,,29,
,,006T,Ceratopogonid Sp.A,,221,
829,G,007G,Polypedilum cf.,2,3,
833,G,007G,Polypedilum cf.,6,4,
841,G,007G,Dead,Dead,4,
830,G,007G,Polypedilum cf.,3,5,
840,G,007G,Polypedilum,7,6,
831,G,007G,Polypedilum cf.,4,7,
834,G,007G,Polypedilum,1,7,
832,G,007G,Polypedilum cf.,5,10,
839,G,007G,Polypedilum,6,26,
838,G,007G,Polypedilum,5,42,
835,G,007G,Polypedilum,2,51,
836,G,007G,Polypedilum,3,74,
837,G,007G,Polypedilum,4,92,
490,T,007T,Cecidomid,4,1,
491,T,007T,Pupas,4,1,
493,T,007T,Ceratopogonid,2,1,
496,T,007T,Ceratopogonid,7,1,
492,T,007T,Ceratopogonid,1,2,
494,T,007T,Ceratopogonid,5,4,
495,T,007T,Ceratopogonid,6,5,
812,G,008G,Chironomid A ,5,13,
810,G,008G,Chironomid A ,3,14,
809,G,008G,Chironomid A ,2,22,
811,G,008G,Chironomid A ,4,66,
806,T,008T,Pupae ,2,2,
802,T,008T,Chironomid A ,2,3,
803,T,008T,Chironomid A ,3,3,
804,T,008T,Chironomid A ,4,6,
805,T,008T,Chironomid A ,5,6,
131,G,009G,Pupas,,11,
,,009G,Dead,Dead,28,
,,009G,Ceratopogonid,,33,
,,009G,Polypedilum,,54,
527,T,009T,Psychodid,4,1,
528,T,009T,Psychodid,5,1,
529,T,009T,Dead,Dead,20,
,,009T,Ceratopogonid Sp.A,,477,
,,010G,Polypedilum,,127,
111,T,010T,NO INSECTS,,,
,,010T,NO INSECTS,,,
862,G,011G,Chironomid A ,2,1,
,,011G,Polypedilum,,280,
602,T,011T,Polypedilum,4,1,
605,T,011T,Ceratopogonid cf.,6,1,
604,T,011T,Polypedilum,6,29,
603,T,011T,Polypedilum,5,109,
696,G,012G,Ceratopogonid Sp.A,2,15,
860,T,012T,Pupae,3,1,
859,T,012T,Ceratopogonic C,5,28,
,,012T,Ceratopogonid,,102,
679,G,013G,Pupas,,2,
680,G,013G,Dead,Dead,9,
678,G,013G,Ceratopogonid,not measured,53,
,,013G,Polyoedilum,,398,
260,T,013T,Ceratopogonid,7,1,
261,T,013T,Chironimid Sp.A,4,1,
256,T,013T,pupas,,2,
257,T,013T,Ceratopogonid,3,3,
259,T,013T,Ceratopogonid,5,4,
258,T,013T,Ceratopogonid,4,5,
,,013T,Polypedilum,,246,
594,G,014G,Pupas,2,1,
595,G,014G,Pupas,5,1,
593,G,014G,Adults Culicid,,2,
592,G,014G,Culicid,,12,
,,014G,Polypedilum,,74,
963,T,014T,Ceratopogonid A,1,1,
964,T,014T,Ceratopogonid A,2,1,
971,T,014T,Pupae White,2,2,
965,T,014T,Ceratopogonid A,3,9,
968,T,014T,Chironomid A ,3,9,
966,T,014T,Ceratopogonid A,4,11,
969,T,014T,Pupae Orange,2,11,
970,T,014T,Pupae Black,2,12,
967,T,014T,Ceratopogonid A,5,16,
972,T,014T,Dead,Dead,29,
471,G,015G,Ceratopogonid,4,1,
470,G,015G,Cecidomid,2,2,
472,G,015G,Dead,Dead,2,
452,T,015T,Syrphid,4,1,
453,T,015T,Syrphid,15,1,
454,T,015T,Syrphid,18,1,
455,T,015T,Psychodid,2,1,
457,T,015T,Dead,Dead,1,
456,T,015T,Pupas,4 black+2 yellow,6,
458,T,015T,Ceratopogonid,3,24,
459,T,015T,Ceratopogonid,5,53,
217,G,016G,Pupas,,3,
,,016G,Polypedilum,,115,
1017,T,016T,Pupae,4,2,
1018,T,016T,Polyoedilum,5,3,
1020,T,016T,Polyoedilum,7,7,
1023,,016T,Adult,,7,
1022,T,016T,Dead,Dead,10,
1019,T,016T,Polyoedilum,6,19,
958,G,017G,Chironomid?,5,1,
962,G,017G,syrphid,10,1,
956,G,017G,Cecidomid,2,3,
961,G,017G,Ceratopogonid A,6,11,
959,G,017G,Ceratopogonid A,4,14,
960,G,017G,Ceratopogonid A,5,18,
957,G,017G,Pupae Black,4,22,
955,G,017G,Dead,Dead,33,
785,T,017T,Syrphid ,14,1,
786,T,017T,Syrphid ,18,1,
789,T,017T,Dead,Dead,19,
788,T,017T,Dead,Dead,30,
,,017T,Ceratopogonid,,47,
177,G,018G,Pupas,,1,
178,G,018G,Ceratopogonid,4,4,
179,G,018G,Dead,Dead,17,
,,018G,Polypedilum,,90,
939,T,018T,Syrphid,2,1,
940,T,018T,Pupae Orange,2,1,
941,T,018T,Pupae black,3,1,
942,T,018T,Dead,Dead,9,
943,T,018T,Ceratopogonid A,Unmeasured,187,
262,G,020G,Polypedilum,3,3,
584,T,020T,Ceratopogonid,4,1,
583,T,020T,Ceratopogonid,3,2,
585,T,020T,Ceratopogonid,5,5,
,,021G,Polypedilum,,293,
214,T,021T,Chironimid,4,1,
215,T,021T,Chironimid,6,1,
213,T,021T,Pupas,,3,
,,021T,Polypedilum,,152,
,,022G,Polypedilum,,79,
241,T,022T,Ceratopogonid Sp.C,5,1,
242,T,022T,Ceratopogonid Sp.C,6,1,
243,T,022T,Ceratopogonid Sp.C,7,1,
247,T,022T,Syrphid,11,1,
251,T,022T,Syrphid,16,1,
246,T,022T,Syrphid,9,2,
252,T,022T,Pupas,,2,
254,T,022T,Ceratopogonid Sp.A,4,3,
248,T,022T,Syrphid,13,4,
244,T,022T,Ceratopogonid Sp.C,8,5,
249,T,022T,Syrphid,14,5,
250,T,022T,Syrphid,15,5,
253,T,022T,Dead,Dead,7,
245,T,022T,Ceratopogonid Sp.C,9,11,
614,G,023G,Psychodid B,7,1,
611,G,023G,Psychodid A,8,2,
612,G,023G,Psychodid A,9,2,
613,G,023G,Dead,Dead,4,
703,G,023G,Syrphid,20,5,
702,G,023G,Psychodid ,10,23,
125,T,023T,Syrphid,8,1,
124,T,023T,Syrphid,6,2,
128,T,023T,unknown,,3,
127,T,023T,Syrphid,12,6,
122,T,023T,Syrphid pupae,,7,
123,T,023T,Syrphid,3,7,
126,T,023T,Syrphid,14,15,
,,023T,Psychodid Sp.C,,109,
,,023T,Dead,Dead,137,
801,G,024G,Chironomid A ,4,1,
799,G,024G,Chironomid A ,2,8,
800,G,024G,Chironomid A ,3,14,
10,T,024T,Ceratopogonid Sp.A,7,1,
12,T,024T,Ceratopogonid Sp.A,5,1,
13,T,024T,Ceratopogonid Sp.A,6,1,
11,T,024T,Ceratopogonid Sp.A,4,2,
9,T,024T,Pupas,,4,
377,G,025G,Polypedilum,15,3,
372,G,025G,Polypedilum,4,8,
374,G,025G,Polypedilum,8,10,
373,G,025G,Polypedilum,6,15,
,,025G,Culicid,,25,
376,G,025G,Polypedilum,12,26,
375,G,025G,Polypedilum,10,32,
,,025G,Polypedilum,,105,
370,T,025T,Cecidomid,3,1,
367,T,025T,Syrphid,12,2,
369,T,025T,Diptera,15,2,
371,T,025T,Chironomid,5,2,
368,T,025T,Syrphid,14,6,
159,G,026G,Dead,Dead,26,
922,T,026T,Dead,Dead,2,
892,G,027G,Pupae Hairy ,8,1,
893,G,027G,Polypedilum,Unmeasured,129,
,,027T,Dead,Dead,2,
,,027T,Ceratopogonid,,215,
658,G,028G,Dead,Dead,2,
657,G,028G,Polypedilum,10,4,
655,G,028G,Polypedilum,8,8,
653,G,028G,Polypedilum,2,22,
656,G,028G,Polypedilum,5,32,
654,G,028G,Polypedilum,4,68,
562,T,028T,Pupas,2,2,
561,T,028T,Ceratopogonid,6,5,
559,T,028T,Ceratopogonid,4,7,
560,T,028T,Ceratopogonid,5,11,
,,028T,Polypedilum,,43,
950,G,029G,Ceratopogonid A,3,1,
944,G,029G,Culicid,1,3,
954,G,029G,Pupae black,3,3,
953,G,029G,Ceratopogonid A,6,4,
949,G,029G,Culicid,6,7,
951,G,029G,Ceratopogonid A,4,11,
946,G,029G,Culicid,3,13,
948,G,029G,Culicid,5,15,
945,G,029G,Culicid,2,18,
947,G,029G,Culicid,4,29,
952,G,029G,Ceratopogonid A,5,40,
,,029G,Culicid,,85,
571,T,029T,Cecidomid,2,1,
572,T,029T,Dead,Dead,1,
573,T,029T,Syrphid,16,1,
574,T,029T,Syrphid,18,1,
575,T,029T,Syrphid,20,1,
425,G,030G,worm,100,1,
426,G,030G,Dead,Dead,2,
567,T,030T,Pupas,3,1,
569,T,030T,Syrphid,4,1,
570,T,030T,Syrphid,6,1,
,,030T,Ceratopogonid,,46,
568,T,030T,Dead,Dead,84,
170,G,031G,Cecidomid Sp.A,4,1,
167,G,031G,Adult Culicid,,3,
168,G,031G,Pupas A,,5,
169,G,031G,Pupas B,,8,
,,031G,Psychodid Sp.A,,26,
,,031G,culicidae,,541,
393,T,031T,Cecidomid,2,1,
397,T,031T,Psychodid,5,1,
398,T,031T,Psychodid,6,1,
399,T,031T,Psychodid,7,1,
390,T,031T,Syrphid,8,2,
388,T,031T,Syrphid,2,3,
391,T,031T,Syrphid,6,3,
401,T,031T,Psychodid,9,4,
394,T,031T,Chironomid,1,5,
400,T,031T,Psychodid,8,5,
389,T,031T,Syrphid,3,7,
402,T,031T,Pupas,"black:2, brown:4, big:1",7,
392,T,031T,Syrphid,11,14,
395,T,031T,Ceratopogonid,4,17,
396,T,031T,Dead,Dead,19,
405,T,031T,Polypedilum,10,22,
404,T,031T,Polypedilum,8,33,
403,T,031T,Polypedilum,6,39,
766,G,032G,Sciaridae Sp.B,8,9,
,,032G,Polypedilum,,160,
489,T,032T,Ceratopogonid,3,5,
101,G,034G,Dead,Dead,1,
,,034G,Polypedilum,,148,
,,034T,Polypedilum,,44,
525,G,035G,Dead,Dead,26,
,,035G,Ceratopogonid,,110,
183,G,036G,Psychodid Sp.A,4,1,
180,G,036G,Dead,Dead,3,
184,G,036G,Psychodid Sp.A,5,3,
185,G,036G,pupas,,26,
,,036G,Polypedilum,,167,
,,036G,culicidae,,221,
784,T,036T,Syrphid,9,1,
,,036T,Polypedilum,,25,
819,G,037G,Polypedilum,7,1,
821,G,037G,Psychodid A,5,1,
822,G,037G,Psychodid B,5,1,
813,G,037G,Polypedilum,1,2,
820,G,037G,Dead,Dead,3,
814,G,037G,Polypedilum,2,12,
818,G,037G,Polypedilum,6,20,
815,G,037G,Polypedilum,3,21,
817,G,037G,Polypedilum,5,63,
816,G,037G,Polypedilum,4,64,
828,T,037T,Syrphid,11,1,
827,T,037T,Syrphid,7,2,
,,040G,Polypedilum,,172,
924,T,040T,Pupae Black,3,1,
925,T,040T,Plathelmintes,3,2,
926,T,040T,Psychodid A,2,2,
929,T,040T,Psychodid A,5,2,
928,T,040T,Psychodid A,4,4,
927,T,040T,Psychodid A,3,7,
,,040T,Ceratopogonid A,,190,
975,G,041G,Chironomid A ,3,1,
980,G,041G,Pupae Big,7,1,
978,G,041G,Ceratopogonid A,5,3,
977,G,041G,Pupae Orange,4,9,
979,G,041G,Ceratopogonid A,6,9,
981,G,041G,Dead,Dead,34,
976,G,041G,Chironomid A ,4,41,
974,G,041G,Pupae Black,2,45,
220,T,041T,Cecidomid,1,1,
222,T,041T,Polypedilum,2,1,
223,T,041T,Syrphid,15,1,
221,T,041T,Pupas,,4,
219,T,041T,Cecidomid,3,5,
,,041T,Ceratopogonid,,59,
337,G,042G,Syrphid,8,1,
340,G,042G,Syrphid,14,2,
342,G,042G,Cecidomid,3,2,
341,G,042G,Syrphid,16,3,
,,042G,Polypedilum,,4,
346,G,042G,culicidae,3,5,
338,G,042G,Syrphid,10,6,
339,G,042G,Syrphid,12,6,
343,G,042G,Pupas,,8,
344,G,042G,Dead,Dead,47,
,,042G,culicidae,,620,
117,T,042T,Ceratopogonid,6,1,
118,T,042T,pupas,,1,
119,T,042T,Cecidomid Sp.A,2,1,
114,T,042T,Dead,Dead,2,
116,T,042T,Ceratopogonid,5,2,
115,T,042T,Ceratopogonid,4,9,
,,042T,Syrphid,,23,
,,042T,Culicid,,126,
989,G,043G,Pupae Polypedilum,6,3,
982,G,043G,Polypedilum,2,5,
990,G,043G,Dead,Dead,7,
983,,043G,Polypedilum,3,9,
987,G,043G,Polypedilum,7,18,
988,G,043G,Polypedilum,8,19,
984,G,043G,Polypedilum,4,21,
985,G,043G,Polypedilum,5,31,
986,G,043G,Polypedilum,6,40,
589,T,043T,Pupas,2,1,
,,043T,Ceratopogonid,,39,
,,043T,Polypedilum,,265,
582,G,044G,Cecidomid,2,1,
,,044G,Psychodid,,65,
,,044G,Chironomid,,234,
998,T,044T,Psychodid A,10,1,
999,T,044T,Psychodid A,11,1,
1001,T,044T,Psychodid B,8,1,
1003,T,044T,syrphid,7,1,
995,T,044T,Psychodid A,7,2,
1000,T,044T,Psychodid B,6,2,
1006,T,044T,syrphid,13,2,
997,T,044T,Psychodid A,9,3,
991,T,044T,Pupae Orange,2,5,
1007,T,044T,Dead,Dead,5,
994,T,044T,Psychodid A,5,6,
992,T,044T,Psychodid A,2,7,
1002,T,044T,syrphid,5,7,
1005,T,044T,syrphid,11,7,
996,T,044T,Psychodid A,8,8,
993,T,044T,Psychodid A,4,15,
1004,T,044T,syrphid,9,15,
,,044T,Ceratopogonid A,,128,
808,G,045G,Polypedilum,5,1,
807,G,045G,Chironomid A ,3,6,
14,T,045T,Ceratopogonid Sp.A,2,1,
15,T,045T,Ceratopogonid Sp.A,1,1,
27,T,045T,Psychodis sp.B,10,1,
21,T,045T,Psychodis sp.A,3,2,
25,T,045T,Psychodis sp.B,8,2,
26,T,045T,Psychodis sp.B,9,2,
29,T,045T,Culicid,4,2,
22,T,045T,Psychodis sp.B,5,3,
28,T,045T,Dead,Dead,3,
23,T,045T,Psychodis sp.B,6,4,
24,T,045T,Psychodis sp.B,7,5,
18,T,045T,Ceratopogonid Sp.A,5,6,
19,T,045T,Psychodis sp.A,5,6,
20,T,045T,Psychodis sp.A,4,7,
16,T,045T,Ceratopogonid Sp.A,3,30,
17,T,045T,Ceratopogonid Sp.A,4,47,
415,G,046G,Pupas,,5,
413,G,046G,Ceratopogonid,2,26,
416,G,046G,Dead,Dead,63,
,,046G,Polypedilum,,124,
412,G,046G,Ceratopogonid,4,132,
163,T,046T,Pupas,,16,
,,046T,Ceratopogonid,,167,
,,047G,Dead,Dead,1,
759,G,047G,Culicid,not measured,3,
,,047G,Polypedilum,,127,
,,047T,Dead,Dead,3,
,,047T,Ceratopogonid,,61,
160,G,048G,Culicid,2,1,
161,G,048G,Dead,Dead,5,
912,T,048T,Polypedilum,3,1,
919,T,048T,Polypedilum,13,3,
913,T,048T,Polypedilum,4,4,
917,T,048T,Polypedilum,9,7,
918,T,048T,Polypedilum,11,9,
916,T,048T,Polypedilum,7,10,
915,T,048T,Polypedilum,6,13,
920,T,048T,Dead,Dead,13,
914,T,048T,Polypedilum,5,15,
921,G,049G,Dead,Dead,14,
366,T,049T,Dead,Dead,12,
365,T,049T,Polypedilum,,58,
563,G,050G,Pupas,3,1,
564,G,050G,Cecidomid,3,1,
565,G,050G,Ceratopogonid,5,2,
566,G,050G,Ceratopogonid,6,3,
,,050G,Polypedilum,,48,
407,T,050T,Syrphid,12,1,
409,T,050T,Ceratopogonid,2,1,
410,T,050T,Dead,Dead,4,
406,T,050T,Syrphid,2,9,
411,T,050T,pupas,"yellow:13, brown: 46",59,
408,T,050T,Ceratopogonid,4,89,
781,G,051G,Chironomid Sp.C,not measured,3,
,,051G,Dead,Dead,4,
,,051G,Ceratopogonid ,,4,
,,051G,Polypedilum,,68,
932,T,051T,Pupae Hairy ,7,1,
934,T,051T,Culicid,4,1,
936,T,051T,Polypedilum,10,2,
933,T,051T,Pupae yellow,2,4,
937,T,051T,Dead,Dead,4,
931,T,051T,Pupae Orange,2,5,
,,051T,Ceratopogonid ,,158,
622,G,052G,Leech,5,1,
623,G,052G,Leech,4,1,
619,G,052G,Polypedilum,5,4,
620,G,052G,Polypedilum cf. sp.A,7,4,
621,G,052G,Polypedilum cf. sp.A,8,4,
618,G,052G,Polypedilum,12,6,
617,G,052G,Polypedilum,9,12,
624,G,052G,Dead,Dead,12,
615,G,052G,Polypedilum,7,14,
616,G,052G,Polypedilum,8,21,
767,T,052T,Syrphid,10,21,
150,G,053G,Dead,Dead,1,
151,G,053G,Psychodid Sp.A,2,1,
152,G,053G,Psychodid Sp.A,4,1,
153,G,053G,Psychodid Sp.A,5,1,
154,G,053G,Psychodid Sp.A,6,1,
155,G,053G,Psychodid Sp.A,7,1,
156,G,053G,Psychodid Sp.A,8,1,
157,G,053G,Psychodid Sp.A,9,1,
158,G,053G,Psychodid Sp.A,10,1,
546,T,053T,Psychodid Sp.A,4,1,
547,T,053T,Psychodid Sp.A,5,1,
548,T,053T,Psychodid Sp.A,6,1,
549,T,053T,Psychodid Sp.A,7,1,
550,T,053T,Psychodid Sp.A,9,1,
551,T,053T,Cecidomid,1,1,
552,T,053T,Cecidomid,2,1,
545,T,053T,Psychodid Sp.A,3,2,
553,T,053T,Dead,Dead,3,
544,T,053T,Psychodid Sp.A,2,8,
,,053T,Ceratopogonid A,,399,
,,054G,Polypedilum,,387,
,,054G,Culicid,,409,
464,T,054T,Syrphid,17,1,
465,T,054T,Syrphid,14,1,
467,T,054T,Pupas,,2,
469,T,054T,Dead,Dead,7,
468,T,054T,Ceratopogonid,5,13,
,,054T,Polypedilum,,62,
133,G,055G,Ceratopogonid,3,1,
135,G,055G,Ceratopogonid,5,2,
134,G,055G,Ceratopogonid,4,3,
,,055G,Polypedilum,,171,
708,T,055T,Psychodid ,10,1,
707,T,055T,Cecidomid Sp.A,3,3,
705,T,055T,Fly,2,6,
706,T,055T,Pupa,not measured,26,
,,055T,Ceratopogonid Sp.A,,690,
555,G,056G,Pupas,6,1,
556,G,056G,Ceratopogonid,3,1,
558,G,056G,Psychodid Sp.A,6,1,
554,G,056G,Dead,Dead,3,
557,G,056G,Ceratopogonid,5,3,
,,056G,Culicid,,124,
,,056G,Polypedilum,,201,
665,T,056T,Syrphid Sp.A,16,1,
666,T,056T,Culicidae Sp.A,3,1,
667,T,056T,Pupas Psychodidae,,1,
659,T,056T,Syrphid Sp.A,6,2,
661,T,056T,Syrphid Sp.A,10,2,
662,T,056T,Syrphid Sp.A,12,2,
663,T,056T,Syrphid Sp.A,14,3,
664,T,056T,Syrphid Sp.A,15,3,
660,T,056T,Syrphid Sp.A,8,4,
670,T,056T,Dead,Dead,12,
,,056T,Psychodid,,59,
,,056T,Polypedilum,,60,
,,057G,Ceratopogonid,,48,
386,T,057T,Dead,Dead,2,
384,T,057T,Ceratopogonid,3,3,
385,T,057T,Ceratopogonid,4,6,
387,T,057T,Dead,Dead,9,
461,G,058G,Pupas,,1,
462,G,058G,adults,,2,
463,G,058G,Dead,Dead,4,
460,G,058G,Polypedilum,,97,
186,T,058T,Dead,Dead,1,
189,T,058T,Syrphid,13,1,
190,T,058T,Syrphid,14,1,
192,T,058T,Syrphid,16,1,
194,T,058T,unknown,2,1,
191,T,058T,Syrphid,15,3,
193,T,058T,Pupas,,5,
188,T,058T,Syrphid,12,6,
195,T,058T,Cecidomid,2,7,
187,T,058T,Syrphid,11,9,
196,T,058T,Cecidomid,3,20,
734,G,059G,Polypedilum,7,1,
736,G,059G,Polypedilum,10,1,
737,G,059G,Ceratopogonid Sp.A,5,1,
731,G,059G,Polypedilum,4,2,
732,G,059G,Polypedilum,5,2,
733,G,059G,Polypedilum,6,2,
735,G,059G,Polypedilum,8,2,
,,059G,Syrphid,7,3,
729,G,059G,Syrphid,8,3,
280,G,059G,Syrphid,3,4,
728,G,059G,Syrphid,5,6,
730,G,059G,Dead,Dead,19,
486,T,059T,Chironomid,7,1,
488,T,059T,Pupas,6,1,
481,T,059T,Chironomid,2,2,
482,T,059T,Chironomid,3,11,
483,T,059T,Chironomid,4,13,
485,T,059T,Chironomid,6,18,
484,T,059T,Chironomid,5,20,
,,059T,Polypedilum,,171,
293,G,060G,Polypedilum,6,1,
295,G,060G,Polypedilum,9,1,
297,G,060G,Syrphids,12,1,
294,G,060G,Polypedilum,8,2,
296,G,060G,Syrphids,11,2,
298,G,060G,Syrphids,15,2,
302,G,060G,Psychodid Sp.B,4,2,
305,G,060G,Psychodid Sp.C,6,2,
301,G,060G,Psychodid Sp.B,3,3,
303,G,060G,Psychodid Sp.B,5,3,
307,G,060G,Orthocladiinae,3,3,
300,G,060G,Psychodid Sp.A,4,4,
299,G,060G,Pupas,7,7,
306,G,060G,Orthocladiinae,5,9,
304,G,060G,Psychodid Sp.C,4,15,
292,G,060G,Culicidae,1,23,
,,060G,Culicidae,,1456,
539,G,061G,Syrphid-alive,2,1,
541,G,061G,Syrphid-dead,3,1,
538,G,061G,Pupas,3,2,
540,G,061G,Syrphid-dead,2,2,
537,G,061G,Pupas,2,4,
,,061G,Ceratopogonid,,66,
,,061G,Polypedilum,,67,
147,T,061T,Syrphid,9,1,
148,T,061T,Syrphid,14,1,
149,T,061T,pupas,,1,
145,T,061T,Syrphid,7,2,
146,T,061T,Syrphid,8,2,
144,T,061T,Dead,Dead,6,
,,061T,Ceratopogonid,,330,
713,G,062G,Cecidomid Sp.B,3,1,
716,G,062G,Psychodid Sp.A,3,1,
717,G,062G,Pupa psychodid sp.A,4,1,
715,G,062G,Psychodid Sp.A,6,2,
714,G,062G,Psychodid Sp.A,4,3,
709,G,062G,Polypedilum Sp.A,10,4,
712,G,062G,Pupa,3,4,
711,G,062G,Cecidomid Sp.A,2,5,
710,G,062G,Cecidomid Sp.A,3,13,
,,062G,Polypedilum,,57,
203,G,063G,Psychodid Sp.A,5,1,
209,G,063G,Syrphid,7,1,
210,G,063G,Syrphid,8,1,
207,G,063G,Dead,Dead,2,
208,G,063G,Pupas,,2,
211,G,063G,Ceratopogonid,5,2,
206,G,063G,Psychodid Sp.A,8,6,
205,G,063G,Psychodid Sp.A,7,10,
204,G,063G,Psychodid Sp.A,6,12,
197,T,063T,Ceratopogonid,2,1,
200,T,063T,Ceratopogonid,5,1,
199,T,063T,Ceratopogonid,4,5,
201,T,063T,Dead,Dead,5,
198,T,063T,Ceratopogonid,3,6,
,,063T,Ceratopogonid,,13,
202,T,063T,Trentepohlia,1,21,
,,064G,Dead,Dead,2,
,,064G,Polypedilum,,102,
,,064G,Ceratopogonid,,176,
794,T,064T,Polypedilum,Regular,2,
,,064T,Ceratopogonid,,225,
417,G,065G,Cecidomid,2,1,
419,G,065G,Coleoptera,13,1,
418,G,065G,Cecidomid,3,2,
420,G,065G,Ceratopogonid,8,11,
424,G,065G,Dead,Dead,28,
,,065G,Polypedilum,,66,
,,065G,Culicidae,,323,
447,T,065T,Psychodid,5,1,
448,T,065T,Psychodid,6,2,
449,T,065T,Psychodid,8,4,
451,T,065T,Dead,Dead,111,
,,065T,Ceratopogonid,,142,
777,G,066G,Polypedilum,Regular,1,
778,G,066G,Cecidomid,not measured,2,
,,066G,Culicid,,36,
,,066G,Ceratopogonid ,,167,
901,T,066T,Pupae black,2,1,
906,T,066T,Chironomid A ,6,1,
902,T,066T,Pupae black,4,2,
910,T,066T,syrphid,6,2,
909,T,066T,syrphid,5,4,
911,T,066T,Culicidae,6,5,
905,T,066T,Chironomid A ,5,6,
907,T,066T,Psychodid C,4,6,
908,T,066T,syrphid,4,7,
900,T,066T,Pupae Orange,2,12,
903,T,066T,Chironomid A ,3,13,
904,T,066T,Chironomid A ,4,25,
173,G,068G,Ceratopogonid,4,1,
174,G,068G,Ceratopogonid,5,1,
175,G,068G,Pupas,,1,
172,G,068G,Ceratopogonid,3,2,
,,068G,Polypedilum,,152,
165,T,068T,Ceratopogonid,7,2,
745,G,070G,Chironomid,3,1,
746,G,070G,Chironomid,4,1,
747,G,070G,Pupa,4,2,
743,G,070G,Polypedilum,7,3,
738,G,070G,Polypedilum,2,4,
742,G,070G,Polypedilum,6,27,
739,G,070G,Polypedilum,3,36,
740,G,070G,Polypedilum,4,60,
741,G,070G,Polypedilum,5,62,
744,G,070G,Dead,Dead,107,
684,T,070T,Syrphid,4,3,
685,T,070T,Syrphid,6,3,
686,T,070T,Ceratopogonid Sp. A,3,21,
688,G,071G,Syrphid,9,1,
687,G,071G,Syrphid,2,10,
497,T,071T,Ceratopogonid,1,3,
502,T,071T,Ceratopogonid,6,10,
501,T,071T,Ceratopogonid,5,25,
499,T,071T,Ceratopogonid,3,28,
498,T,071T,Ceratopogonid,2,31,
500,T,071T,Ceratopogonid,4,45,
,,072G,Culicid,,132,
,,072G,Polypedilum,,215,
590,T,072T,Pupas,2,1,
591,T,072T,Pupas,3,3,
,,072T,Ceratopogonid,,86,
2,G,074G,Psychodis sp.C,4,1,
5,G,074G,Cecidomid A,3,1,
1,G,074G,Dead,Dead,12,
3,G,074G,Cecidomid A,2,15,
4,G,074G,Cecidomid A,1,15,
797,T,074T,Adult Culicid,,1,
798,T,074T,Culicid,7,4,
796,T,074T,Pupa,4,7,
7,G,076G,Cecidomid A,3,1,
8,G,076G,Unknown,,1,
6,G,076G,Cecidomid A,2,2,
724,T,076T,Syrphid ,11,1,
725,T,076T,Pupa,6,2,
726,T,076T,Dead,Dead,2,
727,T,076T,Psychodid Sp.A,12,2,
723,T,076T,Syrphid ,15,8,
272,G,077G,Pupas,,1,
274,G,077G,Chironomid,4,1,
,,077G,Dead,Dead,5,
271,G,077G,Culicidae,3,118,
,,077G,Polypedilum,,335,
275,T,077T,Syrphid,6,1,
276,T,077T,Psychodid Sp.B,3,1,
278,T,077T,Ceratopogonid,3,1,
277,T,077T,Psychodid Sp.B,6,2,
279,T,077T,Ceratopogonid,5,18,
542,G,078G,Cecidomid,2,1,
543,G,078G,Unknown,9,1,
379,T,078T,Syrphid,7,2,
383,T,078T,Pupas,"browm:2, black:3",5,
382,T,078T,Ceratopogonid,5,6,
381,T,078T,Ceratopogonid,4,7,
380,T,078T,Ceratopogonid,2,16,
428,G,079G,Pupae Polypedilum,,2,
430,G,079G,Dead,Dead,2,
427,G,079G,Polypedilum,,64,
,,079G,Polypedilum,,67,
,,079G,Culicidae,,71,
586,T,079T,Culicid,4,1,
587,T,079T,pupas,5,1,
588,T,079T,pupas,6,1,
,,079T,Polypedilum,,50,
,,080G,Culicidae,,29,
,,080G,Polypedilum,,142,
444,T,080T,Pupas,"yellow:11, black:1",12,
445,T,080T,Ceratopogonid,2,30,
446,T,080T,Ceratopogonid,4,49,
1009,G,081G,Chironomid ,2,1,
1010,G,081G,Chironomid ,3,1,
1011,G,081G,Cecidomid ,3,1,
1013,G,081G,Psychodid C,4,3,
1012,G,081G,Pupae,4,4,
1014,G,081G,Psychodid C,5,5,
1016,G,081G,Dead,Dead,7,
1015,G,081G,Psychodid C,6,8,
,,081G,Psychodid,,44,
1024,T,081T,Cecidomid,2,1,
1026,T,081T,Pupae White,4,4,
1025,T,081T,Pupae black,3,42,
1028,T,081T,Dead,Dead,59,
1027,T,081T,Ceratopogonid A,Unmeasured,205,
,,082G,Polypedilum,,136,
321,T,082T,Pupas C,,1,
322,T,082T,Dead,Dead,2,
318,T,082T,Ceratopogonid Sp.C,3,3,
320,T,082T,Pupas B,,4,
319,T,082T,Pupas A,,11,
,,082T,Ceratopogonid Sp.A,,134,
,,083G,Polypedilum,,102,
65,T,083T,Syrphid,12,1,
66,T,083T,Syrphid,13,1,
70,T,083T,Psychodid Sp.A,7,1,
60,T,083T,Dead,Dead,2,
64,T,083T,Ceratopogonid,5,3,
67,T,083T,Psychodid Sp.A,3,4,
68,T,083T,Psychodid Sp.A,4,4,
69,T,083T,Psychodid Sp.A,6,4,
61,T,083T,Ceratopogonid,2,12,
63,T,083T,Ceratopogonid,4,31,
62,T,083T,Ceratopogonid,3,43,
315,G,084G,Polypedilum,12,1,
311,G,084G,Polypedilum,4,2,
314,G,084G,Polypedilum,10,2,
316,G,084G,Dead,Dead,4,
313,G,084G,Polypedilum,8,6,
312,G,084G,Polypedilum,6,8,
,,084G,Polypedilum,,101,
689,T,084T,Syrphid ,6,5,
690,T,084T,Ceratopogonid Sp. A,3,36,
72,G,085G,Pupas,,3,
73,G,085G,Dead,Dead,13,
,,085G,Polypedilum,,42,
694,T,085T,Ceratopogonid Sp. A,8,1,
693,T,085T,Ceratopogonid Sp. A,5,6,
692,T,085T,Ceratopogonid Sp. A,4,36,
,,085T,Polypedilum,,89,
848,G,088G,Polypedilum,5,1,
849,G,088G,Dead,Dead,1,
842,T,088T,Ceratopogonid A,1,1,
843,T,088T,Ceratopogonid A,2,1,
846,T,088T,Ceratopogonid A,5,1,
847,T,088T,Dead,Dead,2,
845,T,088T,Ceratopogonid A,4,8,
844,T,088T,Ceratopogonid A,3,11,
761,G,090G,Pupa,not measured,1,
762,G,090G,Ceratopogonid,not measured,4,
763,G,090G,Dead,Dead,6,
,,090G,Polypedilum,,171,
515,T,090T,Ceratopogonid,3,1,
514,T,090T,Syrphid,8,2,
516,T,090T,Ceratopogonid,4,2,
517,T,090T,Ceratopogonid,5,2,
513,T,090T,Syrphid,7,4,
511,T,090T,Syrphid,5,5,
512,T,090T,Syrphid,6,6,
510,T,090T,Syrphid,4,8,
856,G,092G,Ceratopogonid A,3,1,
850,G,092G,Polypedilum,2,5,
857,G,092G,Dead,Dead,5,
851,G,092G,Polypedilum,3,10,
855,G,092G,Polypedilum,7,28,
853,G,092G,Polypedilum,5,32,
852,G,092G,Polypedilum,4,38,
854,G,092G,Polypedilum,6,74,
79,T,092T,Ceratopogonid Sp.A,3,1,
75,T,092T,Syrphid,8,2,
82,T,092T,Cecidomid Sp.A,3,2,
74,T,092T,Syrphid,7,3,
76,T,092T,Syrphid,9,3,
78,T,092T,Syrphid,12,3,
77,T,092T,Syrphid,10,4,
81,T,092T,Ceratopogonid Sp.A,5,4,
83,T,092T,Dead,Dead,6,
80,T,092T,Ceratopogonid Sp.A,4,30,
754,G,093G,Pupa,6,1,
755,G,093G,Ceratopogonid Sp.A,4,1,
756,G,093G,Polypedilum cf.,4,1,
757,G,093G,Coleoptera,,4,
753,G,093G,Dead,Dead,7,
748,G,093G,Polypedilum,3,12,
752,G,093G,Polypedilum,7,17,
749,G,093G,Polypedilum,4,53,
750,G,093G,Polypedilum,5,59,
751,G,093G,Polypedilum,6,73,
,,093T,Ceratopogonid Sp. A,,231,
309,G,094G,Orthocladiinae,2,1,
310,G,094G,Orthocladiinae,3,2,
,,094G,Polypedilum,,683,
55,T,094T,Syrphid sp. B,2,1,
53,T,094T,Cecidomid Sp.A,2,2,
48,T,094T,Ceratopogonid Sp.A,1,4,
52,T,094T,Ceratopogonid Sp.A,5,4,
54,T,094T,Cecidomid Sp.A,3,7,
49,T,094T,Ceratopogonid Sp.A,2,32,
51,T,094T,Ceratopogonid Sp.A,4,64,
50,T,094T,Ceratopogonid Sp.A,3,69,
858,G,098G,Dead,Dead,6,
508,T,098T,Ceratopogonid,7,5,
507,T,098T,Ceratopogonid,6,15,
503,T,098T,Ceratopogonid,2,19,
506,T,098T,Ceratopogonid,5,60,
504,T,098T,Ceratopogonid,3,85,
505,T,098T,Ceratopogonid,4,114,
56,G,100G,Cecidomid Sp.A,2,1,
58,G,100G,Cecidomid Sp.B,2,2,
59,G,100G,Cecidomid Sp.B,3,2,
57,G,100G,Cecidomid Sp.A,3,5,
596,T,100T,Lumbricina,45,1,
601,T,100T,tick,1,1,
600,T,100T,Cecidomyiidae,2,3,
599,T,100T,Ceratopogonid,6,11,
597,T,100T,Ceratopogonid,4,21,
598,T,100T,Ceratopogonid,5,27,
,,100T,Ceratopogonid,,223,
441,G,101G,pupa?,,1,
442,G,101G,adult?,,1,
443,G,101G,Dead,Dead,1,
440,G,101G,Ceratopogonid,2,2,
439,G,101G,Ceratopogonid,3,5,
437,G,101G,Polypedilum,7,11,
438,G,101G,Pupas,,17,
268,T,101T,Dead,Dead,1,
269,T,101T,Pupas,,1,
270,T,101T,Syrphid,17,1,
267,T,101T,Cecidomid,3,2,
266,T,101T,Cecidomid,2,4,
,,101T,Ceratopogonid,,216,
333,G,102G,Cecidomid,2,1,
334,G,102G,Cecidomid,3,1,
336,G,102G,Pupas,,1,
335,G,102G,Dead,Dead,5,
,,102G,Polypedilum,,32,
105,T,102T,syrphid,6,1,
106,T,102T,Dead,Dead,1,
102,T,102T,Cecidomid Sp.A,1,2,
104,T,102T,Cecidomid Sp.A,3,2,
103,T,102T,Cecidomid Sp.A,2,13,
,,103G,Dead,Dead,6,
,,103G,Polypedilum,,333,
866,T,103T,Chironomid A ,2,1,
872,T,103T,syrphid,8,1,
873,T,103T,syrphid,10,1,
874,T,103T,syrphid,14,1,
875,T,103T,Syrphid,15,1,
869,T,103T,Chironomid A ,5,2,
867,T,103T,Chironomid A ,3,3,
870,T,103T,Cecidomid A,3,3,
871,T,103T,syrphid,4,4,
868,T,103T,Chironomid A ,4,6,
876,T,103T,Dead,Dead,14,
,,105G,Dead,Dead,1,
142,G,105G,Ceratopogonid Sp.A,4,2,
,,105G,Polypedilum,,126,
364,T,105T,Pupas,"yellow:8, black:3",11,
626,G,107G,Culicidae cf. sp.A,7,1,
627,G,107G,Culicidae cf. sp.A,8,1,
629,G,107G,Orthocladiinae Sp.A,4,1,
630,G,107G,Pupa Orthocladiinae,3,1,
631,G,107G,Dead,Dead,4,
628,G,107G,Orthocladiinae Sp.A,3,6,
625,G,107G,Culicidae Sp.A,3,31,
327,T,107T,Pupas,,1,
328,T,107T,Dead,Dead,2,
326,T,107T,Cecidomid,2,3,
329,T,107T,Ceratopogonid,2,34,
330,T,107T,Ceratopogonid,4,62,
534,G,108G,Ceratopogonid,2,1,
533,G,108G,Cecidomid,3,3,
536,G,108G,Ceratopogonid,4,4,
530,G,108G,Dead,Dead,5,
531,G,108G,Cecidomid,1,6,
535,G,108G,Ceratopogonid,3,8,
532,G,108G,Cecidomid,2,15,
362,T,108T,Diptera,7,1,
770,T,108T,Cecidomid,2,1,
771,T,108T,Cecidomid,3,1,
772,T,108T,Dead,Dead,11,
361,T,108T,Ceratopogonid,4,18,
,,108T,Ceratopogonid,,197,
640,G,109G,Cecidomid Sp.A,3,1,
641,G,109G,Ceratopogonid Sp.A,4,1,
642,G,109G,adult,4,1,
643,G,109G,Sciaridae Sp.A,4,1,
137,T,109T,Cecidomid Sp.A,5,1,
136,T,109T,Cecidomid Sp.A,4,3,
138,T,109T,Dead,Dead,3,
139,T,109T,Ceratopogonid Sp.C,1,3,
140,T,109T,Ceratopogonid Sp.C,2,35,
889,G,110G,Chironomid A ,4,1,
890,G,110G,Pupae,2,1,
891,G,110G,Orthocladiinae,2,1,
887,G,110G,Chironomid A ,2,3,
888,G,110G,Chironomid A ,3,3,
,,110G,Dead,Dead,7,
886,G,110G,Cecidomid A,2,26,
348,T,110T,culicidae,1,2,
350,T,110T,culicidae,6,3,
351,T,110T,culicidae,7,3,
352,T,110T,pupas,,3,
349,T,110T,culicidae,2,28,
347,T,110T,Cecidomid,2,41,
,,110T,Ceratopogonid,,244,
526,G,111G,Polypedilum,4,1,
,,111G,Polypedilum,,169,
,,111T,Polypedilum,,26,
356,G,112G,Adult  ,,1,
357,G,112G,pupas,,2,
354,G,112G,Cecidomid,1,8,
358,G,112G,Psychodid,5,12,
359,G,112G,Psychodid,4,18,
355,G,112G,Chironomid,4,26,
353,G,112G,Cecidomid,2,93,
331,T,112T,Syrphid,4,2,
435,G,113G,Chironomid,3,2,
434,G,113G,Psychodid,3,9,
436,G,113G,Cecidomid,2,103,
719,T,113T,Syrphid,13,4,
720,T,113T,Syrphid,2,5,
722,T,113T,Cecidomid,3,15,
,,113T,Ceratopogonid ,,46,
674,G,114G,Psychodid,4,1,
672,G,114G,Cecidomyiidae,2,2,
671,G,114G,Cecidomyiidae,1,4,
675,G,114G,Chironomid,3,4,
676,G,114G,Pupas,4,4,
,,114G,unknown+Cecidomyiidae,,20,
229,T,114T,Syrphid,12,1,
230,T,114T,Syrphid,10,1,
231,T,114T,Syrphid,9,1,
235,T,114T,Psychodid,7,1,
237,T,114T,Psychodid,9,1,
239,T,114T,Cecidomid,4,1,
227,T,114T,Syrphid,7,2,
228,T,114T,Syrphid,14,2,
234,T,114T,Psychodid,4,2,
240,T,114T,Dead,Dead,2,
233,T,114T,Psychodid,3,3,
238,T,114T,Cecidomid,2,3,
226,T,114T,Syrphid,3,4,
236,T,114T,Psychodid,8,4,
232,T,114T,pupas,,22,
,,114T,Ceratopogonid,,361,
577,G,115G,Cecidomid,3,1,
578,G,115G,Pupas,3,1,
579,G,115G,Chironomid Sp.A,6,1,
581,G,115G,Chironomid Sp.C,3,1,
580,G,115G,Chironomid Sp.C,2,2,
576,G,115G,Cecidomid,2,9,
431,T,115T,Pupas,2 white,6,
433,T,115T,Dead,Dead,177,
,,115T,Ceratopogonid,,876,
288,G,117G,Hydrophilidae,3,1,
289,G,117G,Orthocladiinae,2,2,
290,G,117G,Cecidomid,2,2,
282,T,117T,Syrphid,6,1,
287,T,117T,Cecidomid,3,1,
286,T,117T,Syrphid,13,2,
281,T,117T,Syrphid,4,3,
283,T,117T,Syrphid,8,5,
284,T,117T,Syrphid,10,6,
285,T,117T,Syrphid,11,8,
34,G,118G,Pupas,,1,
,,118G,Polypedilum,,170,
35,T,118T,Pupas,,1,
45,T,118T,Ceratopogonid Sp.A,3,1,
47,T,118T,Unknown,1,1,
40,T,118T,Syrphid,14,2,
323,T,118T,Pupas,,2,
36,T,118T,Syrphid,10,3,
37,T,118T,Syrphid,11,3,
38,T,118T,Syrphid,12,4,
44,T,118T,Cecidomid Sp.B,2,4,
46,T,118T,Ceratopogonid Sp.A,4,4,
39,T,118T,Syrphid,13,7,
41,T,118T,Cecidomid Sp.A,1,14,
43,T,118T,Cecidomid Sp.A,3,15,
42,T,118T,Cecidomid Sp.A,2,38,
826,G,120G,Chironomid B,4,1,
823,G,120G,Polypedilum,4,2,
824,G,120G,Polypedilum,6,3,
825,G,120G,Polypedilum,7,3,
30,T,120T,Ceratopogonid Sp.A,3,1,
32,T,120T,Syrphid,14,1,
31,T,120T,Ceratopogonid Sp.A,4,5,
699,G,121G,Psychodid Sp.B & Sp.C,8,5,
,,121G,Culicid,,25,
520,T,121T,Culicid,8,1,
521,T,121T,Syrphid,1,1,
523,T,121T,Syrphid,15,1,
518,T,121T,Ceratopogonid,2,2,
522,T,121T,Syrphid,13,2,
524,T,121T,Syrphid,16,3,
519,T,121T,Ceratopogonid,3,5,
325,T,121T,Dead,Dead,29,
,,121T,Psychodid,,173,
97,G,122G,Culicid,7,1,
98,G,122G,Culicid Pupae,,1,
99,G,122G,Adult Culicid,,1,
93,T,122T,Cecidomid Sp.A,3,1,
94,T,122T,Cecidomid Sp.A,2,1,
95,T,122T,Psychodid Sp.A,4,1,
,,122T,Dead,Dead,1,
96,T,122T,Chironomid Sp.C,4,2,
92,T,122T,Pupas,,3,
,,122T,Ceratopogonid,,209,
,,123G,Polypedilum,,118,
610,T,123T,Dead,Dead,1,
607,T,123T,Ceratopogonid Sp.B,1,9,
608,T,123T,Ceratopogonid Sp.B,2,64,
609,T,123T,Ceratopogonid Sp.B,3,87,
90,G,124G,NO INSECTS,,,
,,124G,NO INSECTS,,,
,,124T,Ceratopogonid,,230,
764,G,125G,Dead,Dead,1,
864,T,125T,Dead,Dead,30,
